contact_id,first_name,last_name,phone,email,date_of_birth,created_at
CNT-000001,Melissa,Allen,555-565-2376,melissa.allen.0001@example.test,1987-04-04,2026-05-25T10:43:43
CNT-000002,Deborah,Allen,555-265-4745,deborah.allen.0002@example.test,1989-01-27,2026-05-01T16:32:08
CNT-000003,Charles,Johnson,555-401-5415,charles.johnson.0003@example.test,1963-09-25,2026-05-28T13:05:04
CNT-000004,Michelle,Baker,555-510-3244,michelle.baker.0004@example.test,1989-12-04,2026-05-08T12:48:10
CNT-000005,Robert,Nelson,555-899-2960,robert.nelson.0005@example.test,,2026-05-01T17:53:49
CNT-000006,Steven,Sanchez,555-885-6969,steven.sanchez.0006@example.test,2006-03-23,2026-05-01T17:53:49
CNT-000007,Margaret,Campbell,555-361-3894,margaret.campbell.0007@example.test,,2026-05-07T16:57:33
CNT-000008,Jennifer,Martinez,555-337-7482,jennifer.martinez.0008@example.test,1989-11-07,2026-05-07T16:57:33
CNT-000009,Donald,Rodriguez,555-935-4116,donald.rodriguez.0009@example.test,2002-03-10,2026-05-04T17:10:59
CNT-000010,Kevin,Allen,555-745-1781,kevin.allen.0010@example.test,1981-11-21,2026-05-05T17:07:30
CNT-000011,Patricia,Perez,555-671-3218,patricia.perez.0011@example.test,1991-02-21,2026-05-25T18:20:48
CNT-000012,James,Martin,555-328-6232,james.martin.0012@example.test,1961-04-09,2026-05-08T16:38:57
CNT-000013,Charles,Lewis,555-986-7136,charles.lewis.0013@example.test,,2026-05-10T07:02:37
CNT-000014,Stephanie,Torres,555-133-6893,stephanie.torres.0014@example.test,1986-11-13,2026-05-10T07:02:37
CNT-000015,John,Campbell,555-794-0248,john.campbell.0015@example.test,1976-07-11,2026-05-14T09:44:48
CNT-000016,Barbara,Gonzalez,555-646-7192,barbara.gonzalez.0016@example.test,2005-05-26,2026-05-16T09:44:48
CNT-000017,Kimberly,Campbell,555-868-4502,kimberly.campbell.0017@example.test,1970-06-10,2026-05-12T18:01:56
CNT-000018,Timothy,Hernandez,555-028-5922,timothy.hernandez.0018@example.test,1993-07-18,2026-05-05T10:01:42
CNT-000019,Sharon,Gonzalez,555-827-2614,sharon.gonzalez.0019@example.test,1976-01-23,2026-05-07T11:01:42
CNT-000020,Edward,Walker,555-467-9642,edward.walker.0020@example.test,1979-07-11,2026-05-01T19:51:28
CNT-000021,Daniel,Baker,555-532-7671,daniel.baker.0021@example.test,1965-11-16,2026-05-15T17:09:32
CNT-000022,Stephanie,Clark,555-467-9543,stephanie.clark.0022@example.test,1979-10-18,2026-05-16T23:09:32
CNT-000023,Matthew,Davis,555-542-4864,matthew.davis.0023@example.test,2007-08-24,2026-05-08T08:58:50
CNT-000024,Cynthia,Hill,555-938-4721,cynthia.hill.0024@example.test,,2026-05-09T11:54:57
CNT-000025,Sandra,Taylor,555-355-1497,sandra.taylor.0025@example.test,1977-02-22,2026-05-09T11:54:57
CNT-000026,Daniel,Garcia,555-007-9345,daniel.garcia.0026@example.test,1966-04-08,2026-05-10T17:20:31
CNT-000027,Michael,Torres,555-196-6315,michael.torres.0027@example.test,1997-12-12,2026-05-12T22:20:31
CNT-000028,Elizabeth,Harris,555-716-8816,elizabeth.harris.0028@example.test,,2026-05-01T12:14:55
CNT-000029,Edward,Lopez,555-321-0545,edward.lopez.0029@example.test,1967-02-27,2026-05-01T12:14:55
CNT-000030,Thomas,Gonzalez,555-781-5191,thomas.gonzalez.0030@example.test,1969-11-24,2026-05-05T10:39:53
CNT-000031,Rebecca,Gonzalez,555-193-8282,rebecca.gonzalez.0031@example.test,,2026-05-06T16:09:41
CNT-000032,Dorothy,Martinez,555-943-5370,dorothy.martinez.0032@example.test,1977-04-16,2026-05-06T16:09:41
CNT-000033,Deborah,Hernandez,555-233-2409,deborah.hernandez.0033@example.test,2007-08-22,2026-05-03T12:43:21
CNT-000034,Nancy,Jackson,555-843-7918,nancy.jackson.0034@example.test,2008-08-06,2026-05-16T14:17:27
CNT-000035,Dorothy,King,555-399-5062,dorothy.king.0035@example.test,,2026-05-24T20:26:57
CNT-000036,Joshua,Gonzalez,555-859-9392,joshua.gonzalez.0036@example.test,1962-04-21,2026-05-24T20:26:57
CNT-000037,Patricia,Mitchell,555-038-6560,patricia.mitchell.0037@example.test,,2026-05-05T16:23:58
CNT-000038,Barbara,Anderson,555-573-1243,barbara.anderson.0038@example.test,1999-05-17,2026-05-05T16:23:58
CNT-000039,Mark,Williams,555-524-8878,mark.williams.0039@example.test,,2026-05-25T13:02:29
CNT-000040,James,Baker,555-781-3343,james.baker.0040@example.test,1976-11-15,2026-05-28T16:02:29
CNT-000041,John,Hill,555-193-1449,john.hill.0041@example.test,,2026-05-13T19:48:31
CNT-000042,Carol,Martin,555-914-9993,carol.martin.0042@example.test,2002-12-22,2026-05-13T19:48:31
CNT-000043,Paul,Lee,555-041-6658,paul.lee.0043@example.test,1993-08-26,2026-05-05T09:33:26
CNT-000044,David,King,555-177-2635,david.king.0044@example.test,2008-11-18,2026-05-07T16:12:48
CNT-000045,Karen,Davis,555-204-7345,karen.davis.0045@example.test,,2026-05-25T09:20:33
CNT-000046,Lisa,Lopez,555-864-1805,lisa.lopez.0046@example.test,1971-06-10,2026-05-26T15:20:33
CNT-000047,Timothy,White,555-855-1709,timothy.white.0047@example.test,,2026-05-11T08:18:45
CNT-000048,Karen,Ramirez,555-026-1908,karen.ramirez.0048@example.test,1995-08-16,2026-05-11T08:18:45
CNT-000049,Susan,Wright,555-655-5684,susan.wright.0049@example.test,2003-11-01,2026-05-02T08:10:12
CNT-000050,Kenneth,Smith,555-000-4043,kenneth.smith.0050@example.test,,2026-05-09T20:34:00
CNT-000051,Joseph,Allen,555-623-9210,joseph.allen.0051@example.test,1966-09-28,2026-05-09T20:34:00
CNT-000052,Daniel,Taylor,555-855-6261,daniel.taylor.0052@example.test,,2026-05-27T07:42:51
CNT-000053,Kimberly,Campbell,555-117-8049,kimberly.campbell.0053@example.test,2008-02-15,2026-05-27T07:42:51
CNT-000054,Nancy,Mitchell,555-673-7391,nancy.mitchell.0054@example.test,,2026-05-21T18:52:59
CNT-000055,Kevin,Jackson,555-914-0866,kevin.jackson.0055@example.test,1982-04-13,2026-05-21T18:52:59
CNT-000056,Kenneth,Scott,555-892-0705,kenneth.scott.0056@example.test,1989-11-11,2026-05-07T15:15:58
CNT-000057,Kevin,Harris,555-077-7591,kevin.harris.0057@example.test,2007-12-20,2026-05-09T21:15:58
CNT-000058,Michael,Clark,555-700-7409,michael.clark.0058@example.test,1975-12-16,2026-05-03T08:21:29
CNT-000059,Joseph,Clark,555-479-4350,joseph.clark.0059@example.test,,2026-05-23T12:42:41
CNT-000060,Kevin,Jones,555-918-6253,kevin.jones.0060@example.test,1973-10-03,2026-05-23T12:42:41
CNT-000061,Daniel,Thompson,555-139-9347,daniel.thompson.0061@example.test,1985-07-09,2026-05-16T10:04:43
CNT-000062,Donald,Martinez,555-449-1150,donald.martinez.0062@example.test,1984-05-21,2026-05-02T12:50:22
CNT-000063,Mark,Thompson,555-524-8785,mark.thompson.0063@example.test,1985-10-22,2026-05-17T14:22:16
CNT-000064,Mark,Rodriguez,555-772-7138,mark.rodriguez.0064@example.test,,2026-05-12T12:42:26
CNT-000065,Michael,Allen,555-667-2240,michael.allen.0065@example.test,1964-01-13,2026-05-12T12:42:26
CNT-000066,Cynthia,Jones,555-338-1401,cynthia.jones.0066@example.test,,2026-05-04T14:07:24
CNT-000067,Rebecca,Baker,555-630-6762,rebecca.baker.0067@example.test,1965-11-26,2026-05-04T14:07:24
CNT-000068,Brian,Jackson,555-997-8180,brian.jackson.0068@example.test,,2026-05-14T07:16:54
CNT-000069,Amanda,Flores,555-056-7940,amanda.flores.0069@example.test,1963-01-13,2026-05-14T07:16:54
CNT-000070,Anthony,Williams,555-071-7138,anthony.williams.0070@example.test,1981-09-24,2026-05-15T19:07:55
CNT-000071,Susan,Mitchell,555-552-1631,susan.mitchell.0071@example.test,,2026-05-07T17:52:58
CNT-000072,Kevin,Wilson,555-767-9440,kevin.wilson.0072@example.test,1973-12-15,2026-05-07T17:52:58
CNT-000073,Nancy,Thompson,555-083-7530,nancy.thompson.0073@example.test,,2026-05-14T11:30:35
CNT-000074,George,Young,555-511-9823,george.young.0074@example.test,1962-04-11,2026-05-14T11:30:35
CNT-000075,Paul,Mitchell,555-488-4370,paul.mitchell.0075@example.test,,2026-05-22T16:00:18
CNT-000076,Charles,Ramirez,555-240-8081,charles.ramirez.0076@example.test,2002-06-16,2026-05-22T17:00:18
CNT-000077,Matthew,Thompson,555-088-3277,matthew.thompson.0077@example.test,1963-06-21,2026-05-28T11:32:29
CNT-000078,Robert,Walker,555-338-8118,robert.walker.0078@example.test,1981-10-13,2026-05-25T20:17:54
CNT-000079,Karen,Rodriguez,555-907-4730,karen.rodriguez.0079@example.test,,2026-05-11T20:46:33
CNT-000080,Cynthia,Sanchez,555-767-0133,cynthia.sanchez.0080@example.test,1990-01-01,2026-05-11T20:46:33
CNT-000081,Elizabeth,Moore,555-958-2366,elizabeth.moore.0081@example.test,,2026-05-21T09:26:50
CNT-000082,Dorothy,Nelson,555-926-6256,dorothy.nelson.0082@example.test,1993-03-22,2026-05-21T09:26:50
CNT-000083,Christopher,Harris,555-995-1547,christopher.harris.0083@example.test,1977-04-15,2026-05-26T17:05:38
CNT-000084,David,Hernandez,555-279-3481,david.hernandez.0084@example.test,,2026-05-28T17:41:53
CNT-000085,Stephanie,Ramirez,555-317-2697,stephanie.ramirez.0085@example.test,1966-12-13,2026-05-28T17:41:53
CNT-000086,Edward,Green,555-024-3662,edward.green.0086@example.test,1961-01-15,2026-05-07T19:01:00
CNT-000087,Mark,Williams,555-504-1354,mark.williams.0087@example.test,,2026-05-15T15:14:11
CNT-000088,Melissa,Thomas,555-319-3529,melissa.thomas.0088@example.test,1986-09-27,2026-05-15T15:14:11
CNT-000089,Cynthia,Davis,555-988-8394,cynthia.davis.0089@example.test,,2026-05-10T16:07:16
CNT-000090,Ronald,Thomas,555-878-6813,ronald.thomas.0090@example.test,1979-10-11,2026-05-10T16:07:16
CNT-000091,Barbara,White,555-711-7363,barbara.white.0091@example.test,1967-09-01,2026-05-07T09:07:46
CNT-000092,Ryan,Lee,555-028-4605,ryan.lee.0092@example.test,,2026-05-17T11:45:05
CNT-000093,Christopher,Taylor,555-891-2774,christopher.taylor.0093@example.test,1995-08-06,2026-05-17T11:45:05
CNT-000094,Sarah,Harris,555-132-9301,sarah.harris.0094@example.test,1966-05-09,2026-05-02T10:04:15
CNT-000095,Patricia,Robinson,555-466-4695,patricia.robinson.0095@example.test,,2026-05-04T15:04:15
CNT-000096,Lisa,Gonzalez,555-549-9847,lisa.gonzalez.0096@example.test,2000-02-10,2026-05-13T19:20:10
CNT-000097,Karen,Gonzalez,555-527-8104,karen.gonzalez.0097@example.test,,2026-05-16T01:20:10
CNT-000098,Stephanie,Scott,555-719-1701,stephanie.scott.0098@example.test,1972-10-18,2026-05-14T00:20:10
CNT-000099,Donna,Green,555-008-9738,donna.green.0099@example.test,1975-06-18,2026-05-10T19:30:05
CNT-000100,Jessica,Green,555-195-0883,jessica.green.0100@example.test,1973-09-28,2026-05-15T08:40:20
CNT-000101,Edward,Garcia,555-845-6301,edward.garcia.0101@example.test,,2026-05-08T14:38:58
CNT-000102,Susan,Young,555-724-9992,susan.young.0102@example.test,1963-07-20,2026-05-08T14:38:58
CNT-000103,Michael,Allen,555-058-8077,michael.allen.0103@example.test,1976-10-05,2026-05-02T07:41:43
CNT-000104,William,Adams,555-848-3649,william.adams.0104@example.test,1968-08-12,2026-05-05T10:47:23
CNT-000105,James,Green,555-411-0098,james.green.0105@example.test,,2026-05-03T10:05:31
CNT-000106,Brian,Williams,555-150-2491,brian.williams.0106@example.test,1991-08-21,2026-05-03T10:05:31
CNT-000107,Nancy,Wright,555-740-7939,nancy.wright.0107@example.test,,2026-05-16T17:10:58
CNT-000108,David,Lopez,555-394-7229,david.lopez.0108@example.test,1994-01-25,2026-05-16T17:10:58
CNT-000109,Jennifer,Thompson,555-985-9265,jennifer.thompson.0109@example.test,,2026-05-12T11:34:00
CNT-000110,Charles,Martinez,555-835-7564,charles.martinez.0110@example.test,2000-09-16,2026-05-15T16:34:00
CNT-000111,Kevin,Campbell,555-938-4869,kevin.campbell.0111@example.test,,2026-05-27T18:08:08
CNT-000112,David,Mitchell,555-053-4621,david.mitchell.0112@example.test,1970-12-22,2026-05-27T18:08:08
CNT-000113,Mark,Ramirez,555-879-9078,mark.ramirez.0113@example.test,,2026-05-12T13:10:25
CNT-000114,Steven,Nguyen,555-113-7990,steven.nguyen.0114@example.test,2002-02-21,2026-05-12T13:10:25
CNT-000115,Elizabeth,Ramirez,555-137-8502,elizabeth.ramirez.0115@example.test,,2026-05-21T08:06:53
CNT-000116,Betty,Brown,555-245-7027,betty.brown.0116@example.test,1986-02-17,2026-05-21T08:06:53
CNT-000117,Cynthia,Scott,555-381-5817,cynthia.scott.0117@example.test,,2026-05-07T10:48:53
CNT-000118,Michelle,Davis,555-938-6992,michelle.davis.0118@example.test,2008-02-16,2026-05-07T10:48:53
CNT-000119,Paul,Johnson,555-804-6019,paul.johnson.0119@example.test,1997-10-06,2026-05-07T20:53:28
CNT-000120,Carol,Smith,555-207-7986,carol.smith.0120@example.test,2004-02-22,2026-05-13T16:44:44
CNT-000121,Laura,Perez,555-773-0191,laura.perez.0121@example.test,2003-12-21,2026-05-01T18:31:19
CNT-000122,Rebecca,Walker,555-936-5958,rebecca.walker.0122@example.test,2005-06-16,2026-05-10T14:50:55
CNT-000123,Thomas,King,555-989-7332,thomas.king.0123@example.test,1979-06-08,2026-05-04T12:40:10
CNT-000124,Jeffrey,Flores,555-217-0672,jeffrey.flores.0124@example.test,1986-04-03,2026-05-04T12:40:10
CNT-000125,David,Smith,555-584-6665,david.smith.0125@example.test,2006-04-02,2026-05-20T08:14:54
CNT-000126,Jennifer,Smith,555-914-8366,jennifer.smith.0126@example.test,2003-01-25,2026-05-22T08:26:07
CNT-000127,Charles,White,555-041-3788,charles.white.0127@example.test,,2026-05-04T16:01:41
CNT-000128,Stephanie,Davis,555-057-5288,stephanie.davis.0128@example.test,1984-03-26,2026-05-04T16:01:41
CNT-000129,Linda,Jackson,555-591-7309,linda.jackson.0129@example.test,1974-03-18,2026-05-15T14:36:33
CNT-000130,Dorothy,Jackson,555-727-4183,dorothy.jackson.0130@example.test,1988-09-13,2026-05-04T19:24:49
CNT-000131,Amanda,Miller,555-324-8104,amanda.miller.0131@example.test,1988-10-13,2026-05-05T23:24:49
CNT-000132,Brian,Davis,555-196-0616,brian.davis.0132@example.test,1991-06-27,2026-05-11T07:15:21
CNT-000133,Cynthia,Martin,555-366-3185,cynthia.martin.0133@example.test,1974-10-19,2026-05-18T18:20:41
CNT-000134,Carol,Nguyen,555-010-4571,carol.nguyen.0134@example.test,,2026-05-15T08:17:01
CNT-000135,Ashley,White,555-966-1783,ashley.white.0135@example.test,1992-01-10,2026-05-17T09:17:01
CNT-000136,Carol,Torres,555-886-7048,carol.torres.0136@example.test,,2026-05-17T14:17:01
CNT-000137,Ashley,Williams,555-295-5949,ashley.williams.0137@example.test,1994-09-16,2026-05-17T20:00:54
CNT-000138,Michael,Taylor,555-128-9412,michael.taylor.0138@example.test,,2026-05-17T12:03:36
CNT-000139,Ashley,Lewis,555-518-2005,ashley.lewis.0139@example.test,1996-06-15,2026-05-20T18:03:36
CNT-000140,Barbara,Garcia,555-444-5481,barbara.garcia.0140@example.test,1979-07-13,2026-05-17T18:03:36
CNT-000141,Michael,Anderson,555-655-0279,michael.anderson.0141@example.test,1992-07-03,2026-05-14T18:06:35
CNT-000142,Thomas,Jackson,555-604-3183,thomas.jackson.0142@example.test,1961-11-07,2026-05-06T09:34:30
CNT-000143,Kevin,Sanchez,555-454-4801,kevin.sanchez.0143@example.test,2008-07-06,2026-05-05T12:23:51
CNT-000144,Thomas,Thomas,555-547-0416,thomas.thomas.0144@example.test,,2026-05-05T07:43:05
CNT-000145,Anthony,Adams,555-010-9200,anthony.adams.0145@example.test,1972-08-07,2026-05-05T07:43:05
CNT-000146,Joshua,Martinez,555-491-1385,joshua.martinez.0146@example.test,2003-02-22,2026-05-01T08:17:39
CNT-000147,Melissa,Rodriguez,555-071-8888,melissa.rodriguez.0147@example.test,,2026-05-24T10:24:46
CNT-000148,Stephanie,Harris,555-435-9925,stephanie.harris.0148@example.test,1971-09-10,2026-05-24T10:24:46
CNT-000149,Lisa,Johnson,555-269-9161,lisa.johnson.0149@example.test,,2026-05-20T09:50:05
CNT-000150,Kevin,Lee,555-370-7889,kevin.lee.0150@example.test,,2026-05-21T09:50:05
CNT-000151,Jennifer,Lee,555-204-4971,jennifer.lee.0151@example.test,1976-05-19,2026-05-20T09:50:05
CNT-000152,Jason,Rivera,555-069-9194,jason.rivera.0152@example.test,2002-05-28,2026-05-07T15:12:47
CNT-000153,Rebecca,Baker,555-013-4457,rebecca.baker.0153@example.test,2005-07-17,2026-05-07T15:12:47
CNT-000154,Sarah,Brown,555-346-2305,sarah.brown.0154@example.test,,2026-05-16T18:55:09
CNT-000155,Thomas,Garcia,555-800-9563,thomas.garcia.0155@example.test,1993-02-20,2026-05-16T18:55:09
CNT-000156,Ronald,Young,555-799-0474,ronald.young.0156@example.test,,2026-05-12T19:19:25
CNT-000157,Michelle,Harris,555-653-6571,michelle.harris.0157@example.test,2002-10-26,2026-05-12T19:19:25
CNT-000158,Betty,Adams,555-673-8995,betty.adams.0158@example.test,1976-08-14,2026-05-09T19:25:02
CNT-000159,Mark,Williams,555-116-1716,mark.williams.0159@example.test,,2026-05-07T12:38:15
CNT-000160,John,Perez,555-404-8892,john.perez.0160@example.test,2001-04-14,2026-05-07T12:38:15
CNT-000161,Kimberly,Williams,555-718-0047,kimberly.williams.0161@example.test,2005-09-07,2026-05-06T18:15:25
CNT-000162,Andrew,Harris,555-875-7954,andrew.harris.0162@example.test,,2026-05-15T14:05:03
CNT-000163,Jessica,Adams,555-842-1522,jessica.adams.0163@example.test,,2026-05-18T19:05:03
CNT-000164,Steven,Torres,555-791-9010,steven.torres.0164@example.test,1961-12-18,2026-05-15T14:05:03
CNT-000165,Michelle,Flores,555-912-0729,michelle.flores.0165@example.test,,2026-05-24T19:37:43
CNT-000166,Daniel,Nguyen,555-970-6484,daniel.nguyen.0166@example.test,1990-02-19,2026-05-24T19:37:43
CNT-000167,Karen,Young,555-759-7672,karen.young.0167@example.test,1972-03-16,2026-05-07T20:31:48
CNT-000168,Linda,Mitchell,555-791-3587,linda.mitchell.0168@example.test,,2026-05-10T12:17:32
CNT-000169,Kevin,Garcia,555-695-5924,kevin.garcia.0169@example.test,1974-08-18,2026-05-10T12:17:32
CNT-000170,Rebecca,Rodriguez,555-327-5849,rebecca.rodriguez.0170@example.test,,2026-05-02T13:29:50
CNT-000171,Ryan,Robinson,555-511-6663,ryan.robinson.0171@example.test,1961-09-16,2026-05-02T13:29:50
CNT-000172,Matthew,Gonzalez,555-116-3270,matthew.gonzalez.0172@example.test,,2026-05-04T20:13:22
CNT-000173,Mark,Jones,555-924-2365,mark.jones.0173@example.test,2006-02-19,2026-05-04T20:13:22
CNT-000174,Daniel,Williams,555-664-1011,daniel.williams.0174@example.test,1981-05-02,2026-05-18T20:05:34
CNT-000175,Michael,Campbell,555-111-1598,michael.campbell.0175@example.test,1971-08-27,2026-05-15T11:43:51
CNT-000176,Jennifer,Rivera,555-168-9332,jennifer.rivera.0176@example.test,,2026-05-11T13:50:15
CNT-000177,John,Harris,555-540-6541,john.harris.0177@example.test,1961-07-26,2026-05-11T13:50:15
CNT-000178,Steven,Rivera,555-433-5181,steven.rivera.0178@example.test,1973-09-04,2026-05-07T15:28:20
CNT-000179,Thomas,Thomas,555-312-1586,thomas.thomas.0179@example.test,,2026-05-27T19:18:53
CNT-000180,Kimberly,Clark,555-774-9473,kimberly.clark.0180@example.test,2008-07-04,2026-05-27T19:18:53
CNT-000181,William,Hall,555-022-2248,william.hall.0181@example.test,,2026-05-14T20:51:37
CNT-000182,Mary,Walker,555-483-3123,mary.walker.0182@example.test,1997-04-23,2026-05-14T20:51:37
CNT-000183,Sandra,Moore,555-502-7042,sandra.moore.0183@example.test,1962-09-01,2026-05-24T20:34:26
CNT-000184,Sarah,Hernandez,555-487-2359,sarah.hernandez.0184@example.test,1993-02-25,2026-05-03T18:51:04
CNT-000185,James,Campbell,555-927-0126,james.campbell.0185@example.test,1982-04-07,2026-05-03T18:51:04
CNT-000186,Linda,Thompson,555-440-2369,linda.thompson.0186@example.test,,2026-05-22T17:18:53
CNT-000187,Sarah,Jackson,555-872-7894,sarah.jackson.0187@example.test,1987-05-15,2026-05-22T17:18:53
CNT-000188,James,Rodriguez,555-919-2708,james.rodriguez.0188@example.test,2008-10-19,2026-05-17T08:19:47
CNT-000189,Amanda,Lewis,555-485-3360,amanda.lewis.0189@example.test,,2026-05-20T10:19:47
CNT-000190,Dorothy,Adams,555-885-5056,dorothy.adams.0190@example.test,,2026-05-02T11:50:19
CNT-000191,Karen,Perez,555-720-2840,karen.perez.0191@example.test,1998-06-18,2026-05-02T11:50:19
CNT-000192,Kevin,Jones,555-968-3761,kevin.jones.0192@example.test,,2026-05-11T14:48:21
CNT-000193,Sharon,Mitchell,555-898-5694,sharon.mitchell.0193@example.test,2002-10-05,2026-05-11T14:48:21
CNT-000194,Timothy,Rivera,555-761-9248,timothy.rivera.0194@example.test,,2026-05-20T17:52:38
CNT-000195,Anthony,Robinson,555-185-1534,anthony.robinson.0195@example.test,1967-03-14,2026-05-20T17:52:38
CNT-000196,Jeffrey,Baker,555-329-2287,jeffrey.baker.0196@example.test,2001-12-28,2026-05-05T18:16:36
CNT-000197,Rebecca,Brown,555-597-2570,rebecca.brown.0197@example.test,1980-11-03,2026-05-08T16:20:22
CNT-000198,Paul,Clark,555-795-0689,paul.clark.0198@example.test,2004-03-03,2026-05-08T14:28:18
CNT-000199,Deborah,White,555-383-4676,deborah.white.0199@example.test,2000-10-14,2026-05-03T16:30:41
CNT-000200,George,Brown,555-562-6811,george.brown.0200@example.test,,2026-05-03T20:21:59
CNT-000201,Rebecca,Johnson,555-361-6231,rebecca.johnson.0201@example.test,1977-07-06,2026-05-05T20:21:59
CNT-000202,Betty,Scott,555-345-8952,betty.scott.0202@example.test,,2026-05-12T18:09:58
CNT-000203,Sarah,Torres,555-159-7184,sarah.torres.0203@example.test,1974-10-01,2026-05-13T22:09:58
CNT-000204,Cynthia,Harris,555-865-2164,cynthia.harris.0204@example.test,,2026-05-04T13:13:57
CNT-000205,Melissa,Sanchez,555-978-8761,melissa.sanchez.0205@example.test,2000-07-14,2026-05-04T13:13:57
CNT-000206,Kenneth,Lee,555-214-4875,kenneth.lee.0206@example.test,1961-06-08,2026-05-23T16:37:01
CNT-000207,Kenneth,Brown,555-241-3496,kenneth.brown.0207@example.test,,2026-05-03T20:24:14
CNT-000208,Matthew,Smith,555-667-5844,matthew.smith.0208@example.test,,2026-05-04T22:24:14
CNT-000209,Andrew,Thompson,555-999-3891,andrew.thompson.0209@example.test,2005-02-14,2026-05-03T20:24:14
CNT-000210,Brian,Adams,555-616-1288,brian.adams.0210@example.test,,2026-05-02T17:11:57
CNT-000211,Mark,Williams,555-296-1651,mark.williams.0211@example.test,1970-04-08,2026-05-02T17:11:57
CNT-000212,Matthew,Lewis,555-656-0676,matthew.lewis.0212@example.test,1967-12-18,2026-05-11T09:11:25
CNT-000213,Christopher,Campbell,555-677-5652,christopher.campbell.0213@example.test,1980-09-25,2026-05-19T08:11:08
CNT-000214,Jeffrey,Ramirez,555-100-7211,jeffrey.ramirez.0214@example.test,1983-04-02,2026-05-21T10:11:08
CNT-000215,Amanda,Green,555-679-4452,amanda.green.0215@example.test,2000-11-23,2026-05-19T10:11:08
CNT-000216,Matthew,Lee,555-240-4843,matthew.lee.0216@example.test,1975-01-13,2026-05-06T08:58:18
CNT-000217,Mary,Sanchez,555-223-5863,mary.sanchez.0217@example.test,1977-03-03,2026-05-18T08:55:35
CNT-000218,Steven,Lewis,555-430-4942,steven.lewis.0218@example.test,1987-08-22,2026-05-12T15:38:30
CNT-000219,Nancy,Adams,555-780-8903,nancy.adams.0219@example.test,2003-05-17,2026-05-22T19:06:52
CNT-000220,Betty,Jackson,555-008-0236,betty.jackson.0220@example.test,1989-10-17,2026-05-26T00:06:52
CNT-000221,Dorothy,Thomas,555-106-3389,dorothy.thomas.0221@example.test,1979-01-24,2026-05-28T19:46:55
CNT-000222,Robert,Young,555-805-7940,robert.young.0222@example.test,,2026-05-02T15:54:13
CNT-000223,Matthew,Lewis,555-387-6047,matthew.lewis.0223@example.test,1961-06-28,2026-05-03T15:54:13
CNT-000224,William,Martin,555-986-5319,william.martin.0224@example.test,1983-08-27,2026-05-04T17:54:13
CNT-000225,Brian,Scott,555-132-0590,brian.scott.0225@example.test,1962-09-24,2026-05-15T09:34:42
CNT-000226,Amanda,Ramirez,555-762-2844,amanda.ramirez.0226@example.test,2003-12-27,2026-05-22T13:37:48
CNT-000227,Sarah,Miller,555-321-9195,sarah.miller.0227@example.test,1964-05-03,2026-05-26T13:32:54
CNT-000228,Kenneth,White,555-411-8158,kenneth.white.0228@example.test,,2026-05-06T17:38:46
CNT-000229,Michelle,King,555-712-9082,michelle.king.0229@example.test,,2026-05-09T20:38:46
CNT-000230,Steven,Lopez,555-883-8357,steven.lopez.0230@example.test,,2026-05-09T23:38:46
CNT-000231,Barbara,Moore,555-898-5524,barbara.moore.0231@example.test,1997-08-01,2026-05-06T17:38:46
CNT-000232,Christopher,Nelson,555-636-9822,christopher.nelson.0232@example.test,1970-07-25,2026-05-02T14:27:44
CNT-000233,Donna,Adams,555-485-6146,donna.adams.0233@example.test,2002-09-21,2026-05-04T18:05:24
CNT-000234,Timothy,Ramirez,555-452-7790,timothy.ramirez.0234@example.test,1985-03-09,2026-05-16T13:24:41
CNT-000235,Betty,Wright,555-667-3584,betty.wright.0235@example.test,,2026-05-17T09:49:14
CNT-000236,Steven,Jackson,555-918-6520,steven.jackson.0236@example.test,,2026-05-17T15:49:14
CNT-000237,Nancy,Jackson,555-396-3238,nancy.jackson.0237@example.test,1987-03-24,2026-05-17T09:49:14
CNT-000238,Stephanie,Torres,555-066-9354,stephanie.torres.0238@example.test,2007-02-16,2026-05-24T10:59:14
CNT-000239,Charles,Lee,555-697-7346,charles.lee.0239@example.test,2000-01-08,2026-05-04T20:03:14
CNT-000240,Melissa,Miller,555-313-5953,melissa.miller.0240@example.test,,2026-05-07T21:03:14
CNT-000241,Daniel,Smith,555-057-8207,daniel.smith.0241@example.test,,2026-05-07T23:03:14
CNT-000242,Dorothy,Green,555-201-0637,dorothy.green.0242@example.test,,2026-05-18T18:30:09
CNT-000243,Nancy,Mitchell,555-054-9414,nancy.mitchell.0243@example.test,2000-04-23,2026-05-18T18:30:09
CNT-000244,Kimberly,Hernandez,555-034-8936,kimberly.hernandez.0244@example.test,2006-02-08,2026-05-20T11:01:54
CNT-000245,Michael,Perez,555-726-0448,michael.perez.0245@example.test,1972-05-03,2026-05-22T18:43:44
CNT-000246,Emily,Thomas,555-368-4216,emily.thomas.0246@example.test,,2026-05-11T09:59:09
CNT-000247,Elizabeth,Jones,555-116-5200,elizabeth.jones.0247@example.test,2007-02-19,2026-05-11T09:59:09
CNT-000248,Steven,Rodriguez,555-046-9437,steven.rodriguez.0248@example.test,,2026-05-02T10:15:03
CNT-000249,Sandra,Nelson,555-304-6293,sandra.nelson.0249@example.test,2005-05-01,2026-05-02T10:15:03
CNT-000250,Steven,Wright,555-532-3321,steven.wright.0250@example.test,1994-09-06,2026-05-12T13:17:48
CNT-000251,Jennifer,White,555-460-0086,jennifer.white.0251@example.test,1976-09-21,2026-05-08T17:52:18
CNT-000252,Daniel,Rodriguez,555-277-9918,daniel.rodriguez.0252@example.test,1965-11-28,2026-05-11T19:52:18
CNT-000253,Amanda,Sanchez,555-167-0076,amanda.sanchez.0253@example.test,1964-10-07,2026-05-12T19:45:39
CNT-000254,Timothy,Taylor,555-247-2081,timothy.taylor.0254@example.test,,2026-05-13T20:45:39
CNT-000255,Ronald,Williams,555-807-3138,ronald.williams.0255@example.test,1982-06-22,2026-05-15T22:45:39
CNT-000256,Carol,Adams,555-763-7505,carol.adams.0256@example.test,,2026-05-12T10:39:35
CNT-000257,Cynthia,Clark,555-811-9207,cynthia.clark.0257@example.test,1962-04-07,2026-05-12T10:39:35
CNT-000258,Melissa,Miller,555-190-9324,melissa.miller.0258@example.test,,2026-05-07T10:16:00
CNT-000259,Linda,Martin,555-694-0267,linda.martin.0259@example.test,,2026-05-10T12:16:00
CNT-000260,Laura,Walker,555-120-2476,laura.walker.0260@example.test,1989-01-27,2026-05-07T10:16:00
CNT-000261,John,Rodriguez,555-019-0961,john.rodriguez.0261@example.test,1979-09-26,2026-05-21T10:38:46
CNT-000262,Susan,Miller,555-926-3126,susan.miller.0262@example.test,1988-01-13,2026-05-24T10:38:46
CNT-000263,Timothy,Gonzalez,555-838-3851,timothy.gonzalez.0263@example.test,1971-10-08,2026-05-17T16:22:40
CNT-000264,Margaret,Taylor,555-200-7496,margaret.taylor.0264@example.test,1962-10-14,2026-05-19T09:54:31
CNT-000265,Cynthia,Nelson,555-901-1314,cynthia.nelson.0265@example.test,1988-09-01,2026-05-28T09:42:23
CNT-000266,Sarah,Scott,555-029-6082,sarah.scott.0266@example.test,1989-05-27,2026-05-20T15:05:42
CNT-000267,Brian,Allen,555-585-5834,brian.allen.0267@example.test,,2026-05-16T15:40:02
CNT-000268,Jeffrey,Allen,555-863-1856,jeffrey.allen.0268@example.test,,2026-05-19T15:40:02
CNT-000269,Mary,Lewis,555-252-6465,mary.lewis.0269@example.test,1967-05-16,2026-05-16T15:40:02
CNT-000270,Ryan,Harris,555-231-0517,ryan.harris.0270@example.test,,2026-05-10T13:05:30
CNT-000271,Charles,Jackson,555-690-5041,charles.jackson.0271@example.test,1996-08-02,2026-05-10T13:05:30
CNT-000272,Joseph,Hill,555-372-6385,joseph.hill.0272@example.test,,2026-05-05T10:36:41
CNT-000273,Donald,Thomas,555-514-8681,donald.thomas.0273@example.test,1961-10-26,2026-05-05T10:36:41
CNT-000274,Kimberly,Thompson,555-942-9802,kimberly.thompson.0274@example.test,,2026-05-02T10:18:15
CNT-000275,Matthew,Gonzalez,555-460-1934,matthew.gonzalez.0275@example.test,1987-09-07,2026-05-02T10:18:15
CNT-000276,Carol,Torres,555-100-1991,carol.torres.0276@example.test,1991-05-05,2026-05-09T14:49:21
CNT-000277,William,White,555-729-1429,william.white.0277@example.test,,2026-05-16T11:25:55
CNT-000278,Mark,Torres,555-739-6078,mark.torres.0278@example.test,1979-11-14,2026-05-16T11:25:55
CNT-000279,Margaret,Ramirez,555-391-4191,margaret.ramirez.0279@example.test,1987-07-13,2026-05-01T08:32:16
CNT-000280,Sarah,White,555-698-4247,sarah.white.0280@example.test,1983-11-05,2026-05-01T14:06:29
CNT-000281,Charles,Hernandez,555-137-2080,charles.hernandez.0281@example.test,,2026-05-02T12:50:32
CNT-000282,Barbara,Mitchell,555-952-7794,barbara.mitchell.0282@example.test,1995-02-26,2026-05-02T12:50:32
CNT-000283,Ashley,Miller,555-959-5829,ashley.miller.0283@example.test,1968-04-19,2026-05-07T15:04:33
CNT-000284,Jessica,Flores,555-200-3489,jessica.flores.0284@example.test,,2026-05-24T07:27:51
CNT-000285,Ryan,Martin,555-471-2965,ryan.martin.0285@example.test,1985-03-28,2026-05-24T07:27:51
CNT-000286,Christopher,Green,555-611-9262,christopher.green.0286@example.test,1991-06-22,2026-05-12T19:23:14
CNT-000287,Michael,Nguyen,555-163-6313,michael.nguyen.0287@example.test,,2026-05-04T08:00:37
CNT-000288,Andrew,Perez,555-114-0444,andrew.perez.0288@example.test,1984-09-20,2026-05-04T08:00:37
CNT-000289,Stephanie,Hernandez,555-304-7686,stephanie.hernandez.0289@example.test,,2026-05-10T19:33:33
CNT-000290,Sarah,Nguyen,555-745-8611,sarah.nguyen.0290@example.test,1981-05-02,2026-05-11T00:33:33
CNT-000291,Stephanie,Lee,555-604-1220,stephanie.lee.0291@example.test,1964-09-24,2026-05-12T23:33:33
CNT-000292,Anthony,Smith,555-389-8947,anthony.smith.0292@example.test,,2026-05-25T11:40:13
CNT-000293,Susan,Davis,555-294-6498,susan.davis.0293@example.test,1965-02-22,2026-05-17T20:08:45
CNT-000294,Daniel,Rivera,555-764-2166,daniel.rivera.0294@example.test,,2026-05-17T15:38:00
CNT-000295,Ashley,Mitchell,555-320-1462,ashley.mitchell.0295@example.test,,2026-05-24T11:28:23
CNT-000296,Kevin,Jackson,555-485-7097,kevin.jackson.0296@example.test,,2026-05-19T11:09:05
CNT-000297,Donald,Jackson,555-939-4847,donald.jackson.0297@example.test,,2026-06-23T11:47:13
CNT-000298,Sarah,Campbell,555-649-1435,sarah.campbell.0298@example.test,2003-06-07,2026-06-23T11:47:13
CNT-000299,Susan,Torres,555-830-7984,susan.torres.0299@example.test,1982-06-02,2026-06-20T18:56:16
CNT-000300,Sharon,Baker,555-444-0712,sharon.baker.0300@example.test,1992-10-04,2026-06-11T15:48:41
CNT-000301,Karen,Williams,555-009-4779,karen.williams.0301@example.test,,2026-06-14T09:38:41
CNT-000302,Susan,Clark,555-524-6879,susan.clark.0302@example.test,1992-07-11,2026-06-14T09:38:41
CNT-000303,Thomas,Martin,555-017-3178,thomas.martin.0303@example.test,1967-04-07,2026-06-13T10:13:52
CNT-000304,Jeffrey,Campbell,555-045-1362,jeffrey.campbell.0304@example.test,2004-02-28,2026-06-12T13:12:53
CNT-000305,Betty,Rodriguez,555-687-4167,betty.rodriguez.0305@example.test,2007-09-04,2026-06-14T18:12:53
CNT-000306,Elizabeth,Harris,555-279-1472,elizabeth.harris.0306@example.test,1974-11-26,2026-06-23T18:19:52
CNT-000307,Ryan,Wilson,555-502-7163,ryan.wilson.0307@example.test,2006-05-07,2026-06-04T16:39:44
CNT-000308,Andrew,Moore,555-441-3618,andrew.moore.0308@example.test,1977-12-25,2026-06-08T08:28:20
CNT-000309,Kimberly,Sanchez,555-135-2552,kimberly.sanchez.0309@example.test,1991-12-17,2026-06-09T14:28:20
CNT-000310,Karen,Martin,555-599-2921,karen.martin.0310@example.test,1991-04-18,2026-06-12T08:09:14
CNT-000311,Joshua,Martin,555-186-9557,joshua.martin.0311@example.test,1988-10-12,2026-06-11T07:23:19
CNT-000312,Melissa,Jones,555-738-3269,melissa.jones.0312@example.test,,2026-06-11T07:23:19
CNT-000313,Michael,Hernandez,555-933-2574,michael.hernandez.0313@example.test,2006-01-26,2026-06-17T19:07:43
CNT-000314,Jennifer,Rodriguez,555-401-7927,jennifer.rodriguez.0314@example.test,,2026-06-05T18:22:48
CNT-000315,Brian,Lopez,555-729-2137,brian.lopez.0315@example.test,1992-01-28,2026-06-05T18:22:48
CNT-000316,Nancy,Clark,555-946-7916,nancy.clark.0316@example.test,,2026-06-25T18:35:08
CNT-000317,Timothy,Jackson,555-275-9629,timothy.jackson.0317@example.test,1985-11-09,2026-06-25T18:35:08
CNT-000318,Donna,Mitchell,555-905-2546,donna.mitchell.0318@example.test,1961-09-02,2026-06-10T09:45:35
CNT-000319,Jason,Brown,555-545-4877,jason.brown.0319@example.test,1981-04-19,2026-06-11T14:45:35
CNT-000320,Brian,Baker,555-896-6258,brian.baker.0320@example.test,1996-10-22,2026-06-13T10:45:35
CNT-000321,George,Allen,555-627-2677,george.allen.0321@example.test,,2026-06-04T20:43:40
CNT-000322,Kimberly,Baker,555-007-3914,kimberly.baker.0322@example.test,1969-06-27,2026-06-04T20:43:40
CNT-000323,Mary,Martinez,555-660-5526,mary.martinez.0323@example.test,,2026-06-26T16:04:52
CNT-000324,Steven,Davis,555-150-2618,steven.davis.0324@example.test,1974-03-11,2026-06-26T16:04:52
CNT-000325,Donald,Hernandez,555-884-1056,donald.hernandez.0325@example.test,,2026-06-19T07:37:35
CNT-000326,Emily,Hill,555-234-5862,emily.hill.0326@example.test,1995-08-23,2026-06-19T07:37:35
CNT-000327,Emily,White,555-328-0451,emily.white.0327@example.test,1999-01-08,2026-06-16T11:34:45
CNT-000328,Rebecca,Harris,555-832-5453,rebecca.harris.0328@example.test,1998-04-19,2026-06-27T16:24:47
CNT-000329,Ronald,Thomas,555-041-0872,ronald.thomas.0329@example.test,,2026-06-09T12:59:38
CNT-000330,Edward,Hall,555-262-1107,edward.hall.0330@example.test,1988-12-06,2026-06-09T12:59:38
CNT-000331,Karen,Nelson,555-907-1689,karen.nelson.0331@example.test,,2026-06-15T18:59:39
CNT-000332,Barbara,Campbell,555-916-0939,barbara.campbell.0332@example.test,1972-12-28,2026-06-15T18:59:39
CNT-000333,Laura,Green,555-429-5137,laura.green.0333@example.test,1981-08-02,2026-06-26T20:18:55
CNT-000334,Betty,Hall,555-336-0322,betty.hall.0334@example.test,1993-09-08,2026-06-03T18:24:03
CNT-000335,Mary,Robinson,555-371-8384,mary.robinson.0335@example.test,2002-04-13,2026-06-16T18:28:41
CNT-000336,Michael,Thompson,555-978-0081,michael.thompson.0336@example.test,1987-11-16,2026-06-03T17:54:00
CNT-000337,William,Hall,555-158-8727,william.hall.0337@example.test,1973-03-04,2026-06-11T11:17:12
CNT-000338,Cynthia,Martinez,555-843-9944,cynthia.martinez.0338@example.test,,2026-06-05T17:04:17
CNT-000339,Cynthia,Martinez,555-181-5594,cynthia.martinez.0339@example.test,1978-03-17,2026-06-05T17:04:17
CNT-000340,Daniel,Hernandez,555-183-2278,daniel.hernandez.0340@example.test,1998-05-09,2026-06-11T20:40:18
CNT-000341,Kimberly,Hill,555-363-4100,kimberly.hill.0341@example.test,,2026-06-16T13:58:34
CNT-000342,Donna,Nelson,555-590-3327,donna.nelson.0342@example.test,1999-03-05,2026-06-16T13:58:34
CNT-000343,Jennifer,Johnson,555-720-6554,jennifer.johnson.0343@example.test,1999-05-12,2026-06-01T17:48:01
CNT-000344,Steven,Harris,555-092-0356,steven.harris.0344@example.test,1986-01-05,2026-06-19T10:32:46
CNT-000345,Anthony,Mitchell,555-051-2325,anthony.mitchell.0345@example.test,1988-11-03,2026-06-22T12:32:46
CNT-000346,Jessica,Anderson,555-238-5413,jessica.anderson.0346@example.test,1991-01-15,2026-06-08T13:20:37
CNT-000347,Deborah,Lopez,555-370-9960,deborah.lopez.0347@example.test,,2026-06-09T13:20:37
CNT-000348,Carol,Young,555-823-5097,carol.young.0348@example.test,,2026-06-11T13:20:37
CNT-000349,Sandra,Perez,555-239-3619,sandra.perez.0349@example.test,,2026-06-06T11:07:02
CNT-000350,Steven,Gonzalez,555-761-3562,steven.gonzalez.0350@example.test,1964-11-27,2026-06-06T11:07:02
CNT-000351,Anthony,Hall,555-673-9289,anthony.hall.0351@example.test,,2026-06-04T12:19:43
CNT-000352,Amanda,Ramirez,555-798-5343,amanda.ramirez.0352@example.test,1989-07-27,2026-06-04T12:19:43
CNT-000353,Dorothy,Campbell,555-086-6812,dorothy.campbell.0353@example.test,2000-01-23,2026-06-05T20:27:06
CNT-000354,Joseph,Hall,555-931-5853,joseph.hall.0354@example.test,,2026-06-06T23:27:06
CNT-000355,Steven,Gonzalez,555-957-7161,steven.gonzalez.0355@example.test,,2026-06-24T10:55:17
CNT-000356,Timothy,Ramirez,555-988-2257,timothy.ramirez.0356@example.test,1977-10-11,2026-06-24T10:55:17
CNT-000357,Andrew,Nelson,555-362-8795,andrew.nelson.0357@example.test,,2026-06-16T16:35:08
CNT-000358,Barbara,Hall,555-932-2262,barbara.hall.0358@example.test,1992-10-08,2026-06-16T16:35:08
CNT-000359,Barbara,Scott,555-116-4143,barbara.scott.0359@example.test,2002-05-15,2026-06-02T11:25:54
CNT-000360,Jessica,Miller,555-377-9782,jessica.miller.0360@example.test,,2026-06-17T14:08:12
CNT-000361,Rebecca,Williams,555-644-4142,rebecca.williams.0361@example.test,2001-04-19,2026-06-17T14:08:12
CNT-000362,Charles,Wilson,555-365-6625,charles.wilson.0362@example.test,1989-12-05,2026-06-13T18:30:33
CNT-000363,Joseph,Flores,555-234-6838,joseph.flores.0363@example.test,,2026-06-14T20:35:49
CNT-000364,Donald,Sanchez,555-107-4701,donald.sanchez.0364@example.test,1970-12-24,2026-06-14T20:35:49
CNT-000365,Dorothy,Jackson,555-269-1270,dorothy.jackson.0365@example.test,1997-03-12,2026-06-02T13:20:41
CNT-000366,Kevin,Rodriguez,555-343-7495,kevin.rodriguez.0366@example.test,,2026-06-03T16:20:41
CNT-000367,Stephanie,Johnson,555-588-8956,stephanie.johnson.0367@example.test,,2026-06-14T09:58:33
CNT-000368,Carol,Green,555-700-7449,carol.green.0368@example.test,1985-03-11,2026-06-14T09:58:33
CNT-000369,Joseph,Lopez,555-865-9554,joseph.lopez.0369@example.test,1971-03-26,2026-06-15T17:01:11
CNT-000370,Emily,Wright,555-855-0256,emily.wright.0370@example.test,,2026-06-07T12:55:14
CNT-000371,Anthony,Robinson,555-008-4000,anthony.robinson.0371@example.test,1987-04-24,2026-06-07T12:55:14
CNT-000372,Jessica,Wright,555-672-0040,jessica.wright.0372@example.test,,2026-06-01T09:24:05
CNT-000373,Dorothy,Baker,555-100-8324,dorothy.baker.0373@example.test,1962-04-21,2026-06-04T09:24:05
CNT-000374,Michelle,Anderson,555-189-5828,michelle.anderson.0374@example.test,,2026-06-15T17:52:10
CNT-000375,Jason,Flores,555-659-5505,jason.flores.0375@example.test,2000-07-01,2026-06-15T21:52:10
CNT-000376,Ryan,Thomas,555-274-2192,ryan.thomas.0376@example.test,2008-05-05,2026-06-11T14:42:03
CNT-000377,Patricia,Scott,555-578-8027,patricia.scott.0377@example.test,,2026-06-20T10:28:40
CNT-000378,John,Nguyen,555-795-6254,john.nguyen.0378@example.test,1979-06-03,2026-06-20T10:28:40
CNT-000379,Sharon,Campbell,555-189-8225,sharon.campbell.0379@example.test,,2026-06-03T11:17:19
CNT-000380,Susan,Taylor,555-351-0199,susan.taylor.0380@example.test,1987-08-17,2026-06-03T11:17:19
CNT-000381,Michelle,Harris,555-572-3957,michelle.harris.0381@example.test,1984-01-08,2026-06-08T16:40:24
CNT-000382,Ronald,Williams,555-962-4665,ronald.williams.0382@example.test,,2026-06-06T15:12:31
CNT-000383,Laura,Sanchez,555-931-6507,laura.sanchez.0383@example.test,2008-05-11,2026-06-06T15:12:31
CNT-000384,Edward,Adams,555-298-1751,edward.adams.0384@example.test,,2026-06-15T16:07:00
CNT-000385,Barbara,Jackson,555-391-3151,barbara.jackson.0385@example.test,1991-11-21,2026-06-15T16:07:00
CNT-000386,Steven,Davis,555-096-7407,steven.davis.0386@example.test,1973-08-16,2026-06-03T19:27:51
CNT-000387,William,Nguyen,555-901-0735,william.nguyen.0387@example.test,1975-02-18,2026-06-03T19:27:51
CNT-000388,Amanda,Nelson,555-184-0678,amanda.nelson.0388@example.test,,2026-06-12T19:46:17
CNT-000389,Nancy,Adams,555-678-4874,nancy.adams.0389@example.test,,2026-06-12T20:46:17
CNT-000390,George,Lee,555-617-3392,george.lee.0390@example.test,1982-10-16,2026-06-12T19:46:17
CNT-000391,Donna,Wright,555-384-9323,donna.wright.0391@example.test,,2026-06-03T15:34:47
CNT-000392,Lisa,Baker,555-214-9791,lisa.baker.0392@example.test,2007-10-28,2026-06-03T15:34:47
CNT-000393,Anthony,Sanchez,555-046-9425,anthony.sanchez.0393@example.test,1982-05-22,2026-06-05T16:34:47
CNT-000394,Amanda,Brown,555-467-1613,amanda.brown.0394@example.test,2002-03-13,2026-06-07T18:23:11
CNT-000395,Emily,Young,555-051-4957,emily.young.0395@example.test,1969-07-01,2026-06-10T00:23:11
CNT-000396,Ryan,Baker,555-349-7917,ryan.baker.0396@example.test,,2026-06-11T14:13:15
CNT-000397,Linda,Hall,555-170-5669,linda.hall.0397@example.test,1962-11-24,2026-06-11T14:13:15
CNT-000398,Sarah,Jackson,555-694-8263,sarah.jackson.0398@example.test,1962-02-08,2026-06-14T16:12:09
CNT-000399,Kevin,Hill,555-738-3145,kevin.hill.0399@example.test,,2026-06-11T07:48:08
CNT-000400,Jeffrey,Sanchez,555-926-0393,jeffrey.sanchez.0400@example.test,1980-06-28,2026-06-11T07:48:08
CNT-000401,Kevin,Lopez,555-981-1308,kevin.lopez.0401@example.test,1992-07-10,2026-06-14T10:18:21
CNT-000402,Melissa,Sanchez,555-634-3025,melissa.sanchez.0402@example.test,1971-02-27,2026-06-14T17:14:57
CNT-000403,Andrew,Smith,555-943-2006,andrew.smith.0403@example.test,,2026-06-07T10:22:19
CNT-000404,James,Martinez,555-115-1454,james.martinez.0404@example.test,1970-01-24,2026-06-09T10:22:19
CNT-000405,Joshua,Williams,555-334-7698,joshua.williams.0405@example.test,1984-04-10,2026-06-06T14:19:12
CNT-000406,Cynthia,Sanchez,555-038-0527,cynthia.sanchez.0406@example.test,,2026-06-14T17:46:19
CNT-000407,Elizabeth,Thomas,555-558-2649,elizabeth.thomas.0407@example.test,2005-04-24,2026-06-15T22:46:19
CNT-000408,Joshua,Flores,555-591-3584,joshua.flores.0408@example.test,,2026-06-03T11:31:43
CNT-000409,Paul,Williams,555-765-1547,paul.williams.0409@example.test,1961-02-20,2026-06-03T11:31:43
CNT-000410,Amanda,Nguyen,555-256-0232,amanda.nguyen.0410@example.test,1994-12-05,2026-06-26T10:00:32
CNT-000411,Amanda,Brown,555-186-3258,amanda.brown.0411@example.test,1970-10-08,2026-06-09T17:36:46
CNT-000412,Melissa,Nguyen,555-344-7139,melissa.nguyen.0412@example.test,1998-10-04,2026-06-04T20:19:21
CNT-000413,Steven,Lee,555-048-8716,steven.lee.0413@example.test,1984-07-21,2026-06-10T09:56:13
CNT-000414,Jessica,Anderson,555-543-7143,jessica.anderson.0414@example.test,1977-05-05,2026-06-25T09:02:37
CNT-000415,Mark,Jackson,555-399-4391,mark.jackson.0415@example.test,,2026-06-08T12:09:27
CNT-000416,Linda,Green,555-745-0751,linda.green.0416@example.test,2004-02-08,2026-06-08T12:09:27
CNT-000417,Melissa,Lee,555-286-4412,melissa.lee.0417@example.test,1977-02-03,2026-06-05T09:13:29
CNT-000418,Margaret,Smith,555-470-3335,margaret.smith.0418@example.test,,2026-06-13T15:19:06
CNT-000419,Lisa,Walker,555-159-5019,lisa.walker.0419@example.test,1999-01-03,2026-06-13T15:19:06
CNT-000420,Rebecca,Brown,555-324-3068,rebecca.brown.0420@example.test,1969-09-02,2026-06-19T10:22:50
CNT-000421,Daniel,Young,555-329-5007,daniel.young.0421@example.test,,2026-06-06T16:15:42
CNT-000422,Steven,Davis,555-232-2650,steven.davis.0422@example.test,1973-02-28,2026-06-06T16:15:42
CNT-000423,Richard,Thompson,555-168-7604,richard.thompson.0423@example.test,1982-06-28,2026-06-16T19:19:47
CNT-000424,Susan,Robinson,555-574-5655,susan.robinson.0424@example.test,,2026-06-04T16:12:36
CNT-000425,Sharon,Lopez,555-921-1973,sharon.lopez.0425@example.test,1996-11-08,2026-06-04T16:12:36
CNT-000426,Sharon,Flores,555-170-3950,sharon.flores.0426@example.test,,2026-06-08T18:39:41
CNT-000427,Sandra,Sanchez,555-005-8408,sandra.sanchez.0427@example.test,1974-12-26,2026-06-08T18:39:41
CNT-000428,Jessica,Rivera,555-932-5142,jessica.rivera.0428@example.test,1995-03-15,2026-06-19T14:38:26
CNT-000429,William,Lewis,555-780-1919,william.lewis.0429@example.test,,2026-06-13T09:51:55
CNT-000430,David,Moore,555-536-1160,david.moore.0430@example.test,2002-04-13,2026-06-13T09:51:55
CNT-000431,Sarah,Gonzalez,555-612-8553,sarah.gonzalez.0431@example.test,,2026-06-27T18:40:01
CNT-000432,Lisa,Harris,555-296-6952,lisa.harris.0432@example.test,1986-11-11,2026-06-27T18:40:01
CNT-000433,William,Sanchez,555-350-5466,william.sanchez.0433@example.test,1993-09-26,2026-06-12T10:19:10
CNT-000434,Lisa,Thomas,555-700-5167,lisa.thomas.0434@example.test,2008-06-06,2026-06-14T17:06:15
CNT-000435,John,Lee,555-221-9681,john.lee.0435@example.test,,2026-06-13T11:55:43
CNT-000436,Brian,Nelson,555-855-6999,brian.nelson.0436@example.test,1968-06-24,2026-06-13T11:55:43
CNT-000437,Lisa,Garcia,555-141-6060,lisa.garcia.0437@example.test,1986-06-21,2026-06-13T18:14:44
CNT-000438,Robert,Lewis,555-224-4523,robert.lewis.0438@example.test,,2026-06-16T19:14:44
CNT-000439,Dorothy,King,555-019-4872,dorothy.king.0439@example.test,,2026-06-15T22:14:44
CNT-000440,Ashley,Clark,555-489-8595,ashley.clark.0440@example.test,1981-03-01,2026-06-15T11:02:04
CNT-000441,Kimberly,Anderson,555-598-6062,kimberly.anderson.0441@example.test,,2026-06-18T17:02:04
CNT-000442,Timothy,Taylor,555-677-4641,timothy.taylor.0442@example.test,1979-09-07,2026-06-08T07:06:08
CNT-000443,Ashley,Adams,555-299-3183,ashley.adams.0443@example.test,1982-08-25,2026-06-08T12:06:08
CNT-000444,Ronald,Smith,555-581-2791,ronald.smith.0444@example.test,1992-03-20,2026-06-07T14:07:26
CNT-000445,David,Martin,555-568-7075,david.martin.0445@example.test,,2026-06-23T16:40:21
CNT-000446,Sarah,Baker,555-779-4457,sarah.baker.0446@example.test,1990-09-10,2026-06-23T16:40:21
CNT-000447,Sharon,Young,555-760-7063,sharon.young.0447@example.test,,2026-06-26T08:24:57
CNT-000448,Robert,Moore,555-528-1613,robert.moore.0448@example.test,2007-08-06,2026-06-26T08:24:57
CNT-000449,Robert,Lee,555-060-2397,robert.lee.0449@example.test,,2026-06-04T12:57:26
CNT-000450,Ashley,Flores,555-557-8371,ashley.flores.0450@example.test,1981-11-28,2026-06-04T12:57:26
CNT-000451,Lisa,Thomas,555-156-8080,lisa.thomas.0451@example.test,2008-12-18,2026-06-06T13:48:39
CNT-000452,Mark,Anderson,555-823-0284,mark.anderson.0452@example.test,,2026-06-26T15:17:34
CNT-000453,Elizabeth,Miller,555-311-8137,elizabeth.miller.0453@example.test,1965-04-27,2026-06-26T15:17:34
CNT-000454,Richard,Williams,555-842-7965,richard.williams.0454@example.test,,2026-06-09T13:03:02
CNT-000455,Timothy,Rivera,555-407-9538,timothy.rivera.0455@example.test,1995-07-12,2026-06-09T13:03:02
CNT-000456,Jessica,Green,555-108-6075,jessica.green.0456@example.test,,2026-06-17T17:46:41
CNT-000457,Joshua,Jackson,555-904-2333,joshua.jackson.0457@example.test,1970-07-12,2026-06-17T17:46:41
CNT-000458,George,Baker,555-746-3787,george.baker.0458@example.test,1980-04-26,2026-06-14T13:18:18
CNT-000459,Mark,Rivera,555-192-4511,mark.rivera.0459@example.test,,2026-06-17T14:18:18
CNT-000460,Carol,Garcia,555-075-0752,carol.garcia.0460@example.test,,2026-06-05T07:29:00
CNT-000461,John,Wilson,555-911-5091,john.wilson.0461@example.test,2006-04-08,2026-06-05T07:29:00
CNT-000462,Andrew,Thomas,555-948-9805,andrew.thomas.0462@example.test,1966-11-13,2026-06-23T07:32:48
CNT-000463,Edward,Allen,555-252-7749,edward.allen.0463@example.test,1990-09-28,2026-06-25T12:32:48
CNT-000464,Daniel,Young,555-409-6145,daniel.young.0464@example.test,1963-02-12,2026-06-07T19:48:31
CNT-000465,Ronald,Jackson,555-720-2386,ronald.jackson.0465@example.test,,2026-06-13T19:59:48
CNT-000466,Rebecca,Ramirez,555-124-3102,rebecca.ramirez.0466@example.test,,2026-06-13T21:59:48
CNT-000467,Elizabeth,Rivera,555-094-8575,elizabeth.rivera.0467@example.test,1973-03-03,2026-06-15T20:59:48
CNT-000468,Dorothy,Ramirez,555-232-7864,dorothy.ramirez.0468@example.test,1963-07-17,2026-06-01T08:02:42
CNT-000469,Kenneth,Walker,555-918-7808,kenneth.walker.0469@example.test,,2026-06-01T13:02:42
CNT-000470,Michael,Robinson,555-613-7917,michael.robinson.0470@example.test,1985-05-17,2026-06-07T17:40:24
CNT-000471,Lisa,Martin,555-170-4074,lisa.martin.0471@example.test,,2026-06-15T09:32:04
CNT-000472,Melissa,Young,555-540-4559,melissa.young.0472@example.test,1971-01-20,2026-06-15T09:32:04
CNT-000473,William,Harris,555-451-3976,william.harris.0473@example.test,1980-07-26,2026-06-26T17:19:50
CNT-000474,Patricia,Clark,555-925-1799,patricia.clark.0474@example.test,,2026-06-28T22:19:50
CNT-000475,James,Gonzalez,555-452-4898,james.gonzalez.0475@example.test,,2026-06-29T21:19:50
CNT-000476,Margaret,Garcia,555-454-5919,margaret.garcia.0476@example.test,,2026-06-12T12:20:54
CNT-000477,James,Scott,555-540-0570,james.scott.0477@example.test,1971-08-04,2026-06-12T12:20:54
CNT-000478,Michelle,Walker,555-829-5452,michelle.walker.0478@example.test,1975-08-22,2026-06-02T18:55:58
CNT-000479,Brian,Harris,555-574-8962,brian.harris.0479@example.test,1983-08-26,2026-06-22T07:03:34
CNT-000480,Patricia,Miller,555-973-1368,patricia.miller.0480@example.test,,2026-06-01T13:09:53
CNT-000481,Jessica,Green,555-682-2799,jessica.green.0481@example.test,1972-04-16,2026-06-01T13:09:53
CNT-000482,Kenneth,Wright,555-128-0503,kenneth.wright.0482@example.test,,2026-06-09T16:23:36
CNT-000483,Ryan,Nelson,555-932-2695,ryan.nelson.0483@example.test,1983-04-20,2026-06-09T16:23:36
CNT-000484,Donna,Taylor,555-482-7507,donna.taylor.0484@example.test,1990-07-03,2026-06-02T10:58:33
CNT-000485,Rebecca,Hill,555-064-1531,rebecca.hill.0485@example.test,,2026-06-03T12:58:33
CNT-000486,Ashley,Brown,555-415-8587,ashley.brown.0486@example.test,1973-05-07,2026-06-02T08:24:42
CNT-000487,Barbara,Campbell,555-919-5524,barbara.campbell.0487@example.test,,2026-06-07T12:54:05
CNT-000488,Margaret,Mitchell,555-391-1832,margaret.mitchell.0488@example.test,1986-01-26,2026-06-07T12:54:05
CNT-000489,William,Walker,555-686-9204,william.walker.0489@example.test,1999-06-14,2026-06-08T13:05:36
CNT-000490,Carol,Rivera,555-484-3883,carol.rivera.0490@example.test,1968-04-23,2026-06-16T09:07:29
CNT-000491,Kenneth,Baker,555-548-7794,kenneth.baker.0491@example.test,1981-01-14,2026-06-16T10:50:02
CNT-000492,Michael,King,555-180-3004,michael.king.0492@example.test,,2026-06-19T10:50:02
CNT-000493,Cynthia,Hill,555-470-4152,cynthia.hill.0493@example.test,1999-06-16,2026-06-22T19:23:38
CNT-000494,Jason,Hall,555-983-6655,jason.hall.0494@example.test,,2026-06-02T10:21:50
CNT-000495,Emily,Mitchell,555-482-2793,emily.mitchell.0495@example.test,1994-02-23,2026-06-02T10:21:50
CNT-000496,Carol,Mitchell,555-429-0685,carol.mitchell.0496@example.test,1992-08-20,2026-06-27T07:25:27
CNT-000497,Kevin,Williams,555-216-3932,kevin.williams.0497@example.test,,2026-06-16T13:14:09
CNT-000498,Edward,Torres,555-500-0063,edward.torres.0498@example.test,1961-04-03,2026-06-16T13:14:09
CNT-000499,Ronald,Wilson,555-692-6921,ronald.wilson.0499@example.test,,2026-06-21T14:10:03
CNT-000500,Jeffrey,Green,555-984-1114,jeffrey.green.0500@example.test,,2026-06-24T18:10:03
CNT-000501,Stephanie,Perez,555-803-1835,stephanie.perez.0501@example.test,1976-10-17,2026-06-21T14:10:03
CNT-000502,Lisa,Flores,555-459-4878,lisa.flores.0502@example.test,,2026-06-21T19:59:49
CNT-000503,Kevin,Taylor,555-351-1322,kevin.taylor.0503@example.test,1970-05-10,2026-06-21T19:59:49
CNT-000504,Nancy,Davis,555-275-8923,nancy.davis.0504@example.test,1992-06-04,2026-06-18T12:19:11
CNT-000505,Joseph,Nelson,555-219-8550,joseph.nelson.0505@example.test,1971-06-25,2026-06-18T15:19:11
CNT-000506,Paul,Allen,555-235-4717,paul.allen.0506@example.test,1967-06-25,2026-06-06T10:53:36
CNT-000507,Deborah,Nguyen,555-610-9963,deborah.nguyen.0507@example.test,1996-08-14,2026-06-21T10:40:28
CNT-000508,Lisa,Martinez,555-731-7714,lisa.martinez.0508@example.test,,2026-06-22T13:40:28
CNT-000509,Michael,Lewis,555-267-0606,michael.lewis.0509@example.test,2002-06-10,2026-06-23T11:40:28
CNT-000510,Kimberly,Rodriguez,555-192-0832,kimberly.rodriguez.0510@example.test,1993-09-05,2026-06-20T15:03:53
CNT-000511,Carol,Scott,555-518-4589,carol.scott.0511@example.test,1986-04-18,2026-06-21T17:03:53
CNT-000512,Donna,White,555-741-3898,donna.white.0512@example.test,,2026-06-20T17:03:53
CNT-000513,Andrew,Allen,555-030-1615,andrew.allen.0513@example.test,1974-03-28,2026-06-15T19:07:13
CNT-000514,Donna,Robinson,555-306-8995,donna.robinson.0514@example.test,,2026-06-12T08:53:36
CNT-000515,Dorothy,Walker,555-266-1681,dorothy.walker.0515@example.test,2004-05-05,2026-06-15T11:53:36
CNT-000516,Charles,Garcia,555-932-4575,charles.garcia.0516@example.test,,2026-06-24T14:33:33
CNT-000517,Karen,Moore,555-180-2634,karen.moore.0517@example.test,1967-01-15,2026-06-24T14:33:33
CNT-000518,Donna,Taylor,555-376-6054,donna.taylor.0518@example.test,2008-01-03,2026-06-12T07:03:44
CNT-000519,David,Wilson,555-114-2310,david.wilson.0519@example.test,2003-06-20,2026-06-15T07:03:44
CNT-000520,Betty,Thompson,555-655-9093,betty.thompson.0520@example.test,1998-12-01,2026-06-12T09:03:44
CNT-000521,Margaret,Williams,555-324-8190,margaret.williams.0521@example.test,1990-01-11,2026-06-17T18:39:00
CNT-000522,Mark,Hernandez,555-937-8584,mark.hernandez.0522@example.test,,2026-06-13T13:45:33
CNT-000523,Donna,Ramirez,555-055-6981,donna.ramirez.0523@example.test,1980-11-28,2026-06-13T13:45:33
CNT-000524,Sarah,Jackson,555-510-9212,sarah.jackson.0524@example.test,1982-10-08,2026-06-26T07:50:11
CNT-000525,Deborah,Gonzalez,555-403-5245,deborah.gonzalez.0525@example.test,,2026-06-29T11:50:11
CNT-000526,Andrew,Baker,555-694-5400,andrew.baker.0526@example.test,,2026-06-16T20:33:32
CNT-000527,Linda,Nelson,555-645-7605,linda.nelson.0527@example.test,2000-12-14,2026-06-16T20:33:32
CNT-000528,Mary,Brown,555-813-7770,mary.brown.0528@example.test,,2026-06-26T18:43:51
CNT-000529,Mark,Martin,555-665-6260,mark.martin.0529@example.test,1985-03-15,2026-06-26T18:43:51
CNT-000530,Donald,Nguyen,555-799-4435,donald.nguyen.0530@example.test,,2026-06-25T07:53:11
CNT-000531,Linda,Williams,555-294-9789,linda.williams.0531@example.test,1982-02-27,2026-06-25T07:53:11
CNT-000532,Elizabeth,Scott,555-468-4987,elizabeth.scott.0532@example.test,,2026-06-17T20:35:20
CNT-000533,Susan,Nguyen,555-812-7581,susan.nguyen.0533@example.test,,2026-06-17T20:35:20
CNT-000534,Timothy,Hernandez,555-159-2305,timothy.hernandez.0534@example.test,,2026-06-20T20:35:20
CNT-000535,Stephanie,Miller,555-299-6776,stephanie.miller.0535@example.test,1989-08-13,2026-06-17T20:35:20
CNT-000536,Nancy,Williams,555-079-5795,nancy.williams.0536@example.test,1968-06-27,2026-06-22T13:42:34
CNT-000537,Robert,Mitchell,555-304-9889,robert.mitchell.0537@example.test,,2026-06-22T17:22:09
CNT-000538,Karen,Martin,555-706-8629,karen.martin.0538@example.test,1963-11-24,2026-06-22T17:22:09
CNT-000539,Barbara,Adams,555-422-3736,barbara.adams.0539@example.test,,2026-06-04T12:24:16
CNT-000540,Joseph,Mitchell,555-442-6014,joseph.mitchell.0540@example.test,1996-11-18,2026-06-04T12:24:16
CNT-000541,Joshua,Martinez,555-286-0859,joshua.martinez.0541@example.test,1991-05-14,2026-06-17T20:51:56
CNT-000542,Mark,Perez,555-989-8472,mark.perez.0542@example.test,,2026-06-05T19:15:52
CNT-000543,Emily,Williams,555-474-0553,emily.williams.0543@example.test,1985-11-09,2026-06-05T19:15:52
CNT-000544,Joshua,Lopez,555-258-9304,joshua.lopez.0544@example.test,,2026-06-27T08:18:34
CNT-000545,Linda,Jones,555-383-6456,linda.jones.0545@example.test,2008-01-14,2026-06-27T08:18:34
CNT-000546,Cynthia,Sanchez,555-820-1507,cynthia.sanchez.0546@example.test,,2026-06-22T09:43:21
CNT-000547,Edward,Thompson,555-973-6656,edward.thompson.0547@example.test,1995-05-28,2026-06-22T09:43:21
CNT-000548,Nancy,Green,555-528-0149,nancy.green.0548@example.test,,2026-06-10T09:48:50
CNT-000549,Laura,Baker,555-377-7069,laura.baker.0549@example.test,1961-03-03,2026-06-10T09:48:50
CNT-000550,Patricia,Mitchell,555-133-5901,patricia.mitchell.0550@example.test,1973-01-15,2026-06-25T14:34:57
CNT-000551,Margaret,Rodriguez,555-035-6010,margaret.rodriguez.0551@example.test,1997-04-03,2026-06-14T11:20:21
CNT-000552,Laura,Campbell,555-172-3551,laura.campbell.0552@example.test,2006-06-08,2026-06-02T15:59:05
CNT-000553,Emily,Gonzalez,555-553-9604,emily.gonzalez.0553@example.test,1987-10-06,2026-06-16T12:05:35
CNT-000554,Joseph,Harris,555-456-5898,joseph.harris.0554@example.test,,2026-06-11T09:27:26
CNT-000555,Mark,Hill,555-024-4682,mark.hill.0555@example.test,1965-12-06,2026-06-11T09:27:26
CNT-000556,Dorothy,Moore,555-290-6505,dorothy.moore.0556@example.test,,2026-06-14T09:14:50
CNT-000557,Sarah,Mitchell,555-979-7334,sarah.mitchell.0557@example.test,1985-05-13,2026-06-14T09:14:50
CNT-000558,Nancy,Davis,555-088-7891,nancy.davis.0558@example.test,,2026-06-16T14:52:41
CNT-000559,Christopher,Campbell,555-651-8834,christopher.campbell.0559@example.test,1966-02-22,2026-06-16T14:52:41
CNT-000560,Christopher,Harris,555-168-2754,christopher.harris.0560@example.test,,2026-06-26T20:23:00
CNT-000561,Donna,Clark,555-778-6843,donna.clark.0561@example.test,,2026-06-28T21:23:00
CNT-000562,Deborah,Johnson,555-857-7524,deborah.johnson.0562@example.test,1976-11-01,2026-06-26T20:23:00
CNT-000563,George,Brown,555-176-8205,george.brown.0563@example.test,1993-06-19,2026-06-14T15:11:47
CNT-000564,John,Mitchell,555-341-8395,john.mitchell.0564@example.test,1969-10-03,2026-06-08T12:22:28
CNT-000565,Sharon,Moore,555-217-1409,sharon.moore.0565@example.test,,2026-06-21T20:42:45
CNT-000566,Betty,Sanchez,555-908-4835,betty.sanchez.0566@example.test,1995-07-05,2026-06-21T20:42:45
CNT-000567,Steven,Davis,555-752-6184,steven.davis.0567@example.test,1979-08-16,2026-06-22T10:06:36
CNT-000568,Kenneth,Jones,555-046-0892,kenneth.jones.0568@example.test,,2026-06-24T17:44:51
CNT-000569,Sharon,Clark,555-643-6398,sharon.clark.0569@example.test,1984-04-12,2026-06-24T17:44:51
CNT-000570,Ryan,Campbell,555-917-0166,ryan.campbell.0570@example.test,1981-07-15,2026-06-10T18:05:25
CNT-000571,Andrew,Nelson,555-216-2333,andrew.nelson.0571@example.test,,2026-06-13T10:15:08
CNT-000572,Betty,Anderson,555-398-1099,betty.anderson.0572@example.test,2000-03-27,2026-06-13T10:15:08
CNT-000573,Kimberly,Lopez,555-974-4924,kimberly.lopez.0573@example.test,,2026-06-08T10:54:00
CNT-000574,Sandra,Hernandez,555-034-1714,sandra.hernandez.0574@example.test,1984-07-18,2026-06-08T10:54:00
CNT-000575,Mark,Martinez,555-786-3176,mark.martinez.0575@example.test,1987-09-08,2026-06-06T10:17:27
CNT-000576,Carol,Flores,555-818-1522,carol.flores.0576@example.test,,2026-06-25T14:49:42
CNT-000577,Betty,Rivera,555-612-4540,betty.rivera.0577@example.test,1961-08-06,2026-06-25T14:49:42
CNT-000578,Betty,Brown,555-574-3455,betty.brown.0578@example.test,,2026-06-25T12:12:08
CNT-000579,Linda,Johnson,555-691-5578,linda.johnson.0579@example.test,1972-05-02,2026-06-25T12:12:08
CNT-000580,Ryan,Rodriguez,555-811-6639,ryan.rodriguez.0580@example.test,,2026-06-10T20:05:27
CNT-000581,Steven,Anderson,555-908-1517,steven.anderson.0581@example.test,1984-01-09,2026-06-10T20:05:27
CNT-000582,Margaret,Lee,555-319-6602,margaret.lee.0582@example.test,,2026-06-20T09:54:50
CNT-000583,William,Hall,555-377-5066,william.hall.0583@example.test,2006-02-23,2026-06-20T09:54:50
CNT-000584,Deborah,Robinson,555-515-1561,deborah.robinson.0584@example.test,,2026-06-07T10:55:12
CNT-000585,Jessica,Perez,555-046-3833,jessica.perez.0585@example.test,1968-11-01,2026-06-07T10:55:12
CNT-000586,David,Clark,555-148-7348,david.clark.0586@example.test,1995-04-20,2026-06-26T08:45:10
CNT-000587,Jennifer,Hill,555-197-3667,jennifer.hill.0587@example.test,1981-11-02,2026-06-17T13:33:25
CNT-000588,Carol,Martin,555-026-5212,carol.martin.0588@example.test,1985-12-02,2026-06-16T14:42:02
CNT-000589,Ashley,Sanchez,555-737-7038,ashley.sanchez.0589@example.test,1972-04-09,2026-06-13T20:03:03
CNT-000590,Christopher,Miller,555-426-9061,christopher.miller.0590@example.test,,2026-06-13T22:03:03
CNT-000591,Laura,Jackson,555-807-9022,laura.jackson.0591@example.test,1998-10-01,2026-06-15T00:03:03
CNT-000592,Matthew,Hernandez,555-025-1962,matthew.hernandez.0592@example.test,,2026-06-08T13:11:29
CNT-000593,Jeffrey,Campbell,555-567-0085,jeffrey.campbell.0593@example.test,1990-02-07,2026-06-08T13:11:29
CNT-000594,Amanda,Miller,555-044-9493,amanda.miller.0594@example.test,2004-09-17,2026-06-18T12:10:58
CNT-000595,Melissa,Ramirez,555-078-6909,melissa.ramirez.0595@example.test,,2026-06-26T11:52:08
CNT-000596,Timothy,Perez,555-368-0951,timothy.perez.0596@example.test,1981-04-11,2026-06-26T13:52:08
CNT-000597,Edward,Nguyen,555-098-6489,edward.nguyen.0597@example.test,,2026-06-29T16:52:08
CNT-000598,Melissa,Thomas,555-762-8936,melissa.thomas.0598@example.test,2001-02-27,2026-06-03T13:25:03
CNT-000599,Laura,Smith,555-165-2029,laura.smith.0599@example.test,2000-12-12,2026-06-07T13:24:33
CNT-000600,Karen,Wilson,555-448-2530,karen.wilson.0600@example.test,,2026-06-24T12:51:40
CNT-000601,Kevin,Clark,555-605-6703,kevin.clark.0601@example.test,,2026-06-03T20:39:04
CNT-000602,Matthew,Davis,555-072-5730,matthew.davis.0602@example.test,,2026-06-23T16:55:36
CNT-000603,Amanda,Miller,555-583-6000,amanda.miller.0603@example.test,,2026-06-13T08:51:49
CNT-000604,Rebecca,Davis,555-343-2127,rebecca.davis.0604@example.test,,2026-07-10T16:08:00
CNT-000605,Richard,Thompson,555-351-6367,richard.thompson.0605@example.test,1973-03-22,2026-07-10T16:08:00
CNT-000606,Matthew,Young,555-726-9514,matthew.young.0606@example.test,,2026-07-03T17:40:41
CNT-000607,Susan,Clark,555-002-0310,susan.clark.0607@example.test,,2026-07-04T20:40:41
CNT-000608,Nancy,Hall,555-798-8437,nancy.hall.0608@example.test,1982-06-28,2026-07-03T17:40:41
CNT-000609,Donna,Ramirez,555-105-8846,donna.ramirez.0609@example.test,,2026-07-02T10:43:55
CNT-000610,Emily,Harris,555-990-2828,emily.harris.0610@example.test,1994-09-14,2026-07-02T10:43:55
CNT-000611,George,Hernandez,555-516-4367,george.hernandez.0611@example.test,,2026-07-13T08:02:32
CNT-000612,Robert,Rodriguez,555-315-7906,robert.rodriguez.0612@example.test,1977-02-02,2026-07-13T08:02:32
CNT-000613,Brian,White,555-664-2635,brian.white.0613@example.test,2003-09-07,2026-07-06T10:29:45
CNT-000614,Donna,Lee,555-795-2979,donna.lee.0614@example.test,,2026-07-04T20:15:28
CNT-000615,Jessica,Williams,555-339-4101,jessica.williams.0615@example.test,1996-11-05,2026-07-04T20:15:28
CNT-000616,Lisa,Miller,555-503-8011,lisa.miller.0616@example.test,,2026-07-15T14:28:31
CNT-000617,Deborah,Flores,555-397-1094,deborah.flores.0617@example.test,,2026-07-16T19:28:31
CNT-000618,Timothy,Baker,555-817-4572,timothy.baker.0618@example.test,2007-01-27,2026-07-15T14:28:31
CNT-000619,Matthew,Scott,555-161-4283,matthew.scott.0619@example.test,,2026-07-09T18:32:19
CNT-000620,Joshua,Garcia,555-592-0048,joshua.garcia.0620@example.test,1971-08-19,2026-07-09T18:32:19
CNT-000621,David,Garcia,555-224-9278,david.garcia.0621@example.test,,2026-07-07T13:35:24
CNT-000622,Michael,Clark,555-762-9863,michael.clark.0622@example.test,1996-11-11,2026-07-07T13:35:24
CNT-000623,Stephanie,Brown,555-848-1627,stephanie.brown.0623@example.test,1986-01-26,2026-07-26T10:42:56
CNT-000624,Stephanie,Johnson,555-276-7739,stephanie.johnson.0624@example.test,1968-02-19,2026-07-26T16:42:56
CNT-000625,Jason,Lee,555-262-7887,jason.lee.0625@example.test,1961-01-11,2026-07-09T20:49:28
CNT-000626,Emily,Jackson,555-206-8433,emily.jackson.0626@example.test,1996-06-20,2026-07-04T08:36:27
CNT-000627,Lisa,Thomas,555-989-5680,lisa.thomas.0627@example.test,,2026-07-26T11:33:25
CNT-000628,Kevin,Adams,555-263-4467,kevin.adams.0628@example.test,2001-05-23,2026-07-26T11:33:25
CNT-000629,Joseph,Taylor,555-836-7269,joseph.taylor.0629@example.test,1962-01-07,2026-07-19T18:55:30
CNT-000630,Melissa,Martinez,555-882-7045,melissa.martinez.0630@example.test,,2026-07-19T18:55:30
CNT-000631,John,Moore,555-798-3931,john.moore.0631@example.test,,2026-07-21T09:44:48
CNT-000632,Jeffrey,Smith,555-084-0890,jeffrey.smith.0632@example.test,1997-04-23,2026-07-21T09:44:48
CNT-000633,Ashley,Thomas,555-440-5306,ashley.thomas.0633@example.test,1978-03-11,2026-07-24T10:44:48
CNT-000634,Steven,Perez,555-436-5081,steven.perez.0634@example.test,,2026-07-16T07:33:07
CNT-000635,Sharon,Rodriguez,555-487-6323,sharon.rodriguez.0635@example.test,1984-04-17,2026-07-16T07:33:07
CNT-000636,Donald,Taylor,555-353-4424,donald.taylor.0636@example.test,1994-08-01,2026-07-23T09:59:37
CNT-000637,Ryan,Young,555-504-2033,ryan.young.0637@example.test,,2026-07-19T19:01:40
CNT-000638,Cynthia,Davis,555-643-8418,cynthia.davis.0638@example.test,1985-02-17,2026-07-19T19:01:40
CNT-000639,William,Moore,555-952-1618,william.moore.0639@example.test,2003-11-26,2026-07-09T16:24:45
CNT-000640,Mark,Adams,555-456-6409,mark.adams.0640@example.test,1967-03-18,2026-07-05T16:13:57
CNT-000641,Sandra,Nelson,555-026-7339,sandra.nelson.0641@example.test,1977-04-11,2026-07-14T17:31:14
CNT-000642,Kimberly,Jones,555-264-5093,kimberly.jones.0642@example.test,1996-11-20,2026-07-07T08:20:27
CNT-000643,Sarah,Nelson,555-160-7230,sarah.nelson.0643@example.test,2003-05-12,2026-07-06T08:33:26
CNT-000644,Sharon,Rodriguez,555-245-0055,sharon.rodriguez.0644@example.test,1967-05-08,2026-07-06T18:21:28
CNT-000645,Joshua,Campbell,555-286-6964,joshua.campbell.0645@example.test,,2026-07-06T12:06:14
CNT-000646,Robert,Hernandez,555-079-6476,robert.hernandez.0646@example.test,1961-02-16,2026-07-06T12:06:14
CNT-000647,Barbara,Robinson,555-260-3101,barbara.robinson.0647@example.test,,2026-07-07T14:13:50
CNT-000648,Betty,Adams,555-399-6253,betty.adams.0648@example.test,2007-03-05,2026-07-07T14:13:50
CNT-000649,Kevin,Wright,555-937-9343,kevin.wright.0649@example.test,,2026-07-23T19:56:49
CNT-000650,Kimberly,Flores,555-452-0253,kimberly.flores.0650@example.test,1965-05-18,2026-07-23T19:56:49
CNT-000651,David,Young,555-079-1816,david.young.0651@example.test,2004-10-03,2026-07-15T18:17:43
CNT-000652,William,Green,555-225-7597,william.green.0652@example.test,1994-04-01,2026-07-04T10:51:17
CNT-000653,Melissa,Garcia,555-218-2743,melissa.garcia.0653@example.test,,2026-07-07T07:14:53
CNT-000654,Mary,Mitchell,555-430-7027,mary.mitchell.0654@example.test,1994-05-04,2026-07-07T07:14:53
CNT-000655,Kevin,Rodriguez,555-788-8356,kevin.rodriguez.0655@example.test,,2026-07-13T15:52:21
CNT-000656,Cynthia,Torres,555-953-4881,cynthia.torres.0656@example.test,1982-11-15,2026-07-13T15:52:21
CNT-000657,Laura,Allen,555-207-1728,laura.allen.0657@example.test,2000-09-27,2026-07-05T18:09:57
CNT-000658,Jason,Torres,555-413-3774,jason.torres.0658@example.test,2001-01-08,2026-07-03T12:51:15
CNT-000659,Edward,Taylor,555-316-5807,edward.taylor.0659@example.test,,2026-07-22T12:50:23
CNT-000660,Sandra,Gonzalez,555-591-2523,sandra.gonzalez.0660@example.test,2005-08-26,2026-07-22T12:50:23
CNT-000661,Robert,Thomas,555-267-2255,robert.thomas.0661@example.test,2007-07-26,2026-07-26T11:22:38
CNT-000662,Richard,Garcia,555-606-7833,richard.garcia.0662@example.test,1985-11-16,2026-07-12T16:28:32
CNT-000663,Barbara,Scott,555-649-9163,barbara.scott.0663@example.test,,2026-07-03T19:58:56
CNT-000664,Karen,Lee,555-330-9609,karen.lee.0664@example.test,1987-10-21,2026-07-03T19:58:56
CNT-000665,Carol,Miller,555-262-4904,carol.miller.0665@example.test,,2026-07-14T11:50:02
CNT-000666,Brian,Thomas,555-431-2459,brian.thomas.0666@example.test,1976-09-02,2026-07-14T11:50:02
CNT-000667,Paul,Hill,555-451-5828,paul.hill.0667@example.test,1961-07-21,2026-07-08T13:28:35
CNT-000668,Thomas,Flores,555-851-7255,thomas.flores.0668@example.test,,2026-07-09T19:10:11
CNT-000669,James,Gonzalez,555-622-4130,james.gonzalez.0669@example.test,1985-07-01,2026-07-09T19:10:11
CNT-000670,Stephanie,King,555-687-5817,stephanie.king.0670@example.test,,2026-07-02T08:55:34
CNT-000671,Michelle,Moore,555-687-0127,michelle.moore.0671@example.test,1978-03-18,2026-07-02T08:55:34
CNT-000672,Donald,Harris,555-106-1320,donald.harris.0672@example.test,1963-07-21,2026-07-08T16:01:10
CNT-000673,Melissa,White,555-452-0645,melissa.white.0673@example.test,1980-02-08,2026-07-11T20:01:10
CNT-000674,Richard,Miller,555-791-2511,richard.miller.0674@example.test,,2026-07-26T10:49:01
CNT-000675,Emily,Hernandez,555-242-0967,emily.hernandez.0675@example.test,,2026-07-28T14:49:01
CNT-000676,Linda,Campbell,555-086-5443,linda.campbell.0676@example.test,1992-06-24,2026-07-26T10:49:01
CNT-000677,Timothy,White,555-902-5276,timothy.white.0677@example.test,1975-07-27,2026-07-15T14:14:42
CNT-000678,Jason,Brown,555-389-8340,jason.brown.0678@example.test,1980-05-20,2026-07-15T16:14:42
CNT-000679,Ryan,Johnson,555-889-0750,ryan.johnson.0679@example.test,,2026-07-18T14:14:42
CNT-000680,Amanda,Ramirez,555-113-4898,amanda.ramirez.0680@example.test,,2026-07-14T17:14:45
CNT-000681,Robert,Anderson,555-591-9470,robert.anderson.0681@example.test,1987-09-03,2026-07-14T17:14:45
CNT-000682,Donna,Lopez,555-826-3190,donna.lopez.0682@example.test,1968-05-22,2026-07-11T20:53:07
CNT-000683,Brian,Campbell,555-756-5440,brian.campbell.0683@example.test,2000-07-17,2026-07-08T10:54:24
CNT-000684,Sarah,Lopez,555-158-5371,sarah.lopez.0684@example.test,,2026-07-13T19:09:19
CNT-000685,Kevin,Harris,555-672-0392,kevin.harris.0685@example.test,1993-07-24,2026-07-13T19:09:19
CNT-000686,Sandra,Scott,555-069-6639,sandra.scott.0686@example.test,,2026-07-10T18:35:36
CNT-000687,Paul,Lopez,555-257-8142,paul.lopez.0687@example.test,1973-09-03,2026-07-10T18:35:36
CNT-000688,Richard,Rivera,555-959-0530,richard.rivera.0688@example.test,,2026-07-16T17:13:18
CNT-000689,Ronald,Martin,555-030-3065,ronald.martin.0689@example.test,1999-01-09,2026-07-16T17:13:18
CNT-000690,Nancy,Williams,555-195-4798,nancy.williams.0690@example.test,,2026-07-10T08:10:29
CNT-000691,Sharon,Lee,555-346-7158,sharon.lee.0691@example.test,1992-10-02,2026-07-10T08:10:29
CNT-000692,Sarah,Lee,555-052-6339,sarah.lee.0692@example.test,,2026-07-18T20:36:41
CNT-000693,Sharon,Young,555-039-9489,sharon.young.0693@example.test,2005-05-10,2026-07-18T20:36:41
CNT-000694,Nancy,Sanchez,555-629-1857,nancy.sanchez.0694@example.test,1982-12-09,2026-07-08T08:09:11
CNT-000695,Nancy,Williams,555-088-2261,nancy.williams.0695@example.test,1969-09-01,2026-07-09T09:09:11
CNT-000696,Anthony,Nguyen,555-275-6193,anthony.nguyen.0696@example.test,,2026-07-24T16:51:48
CNT-000697,Paul,White,555-814-1172,paul.white.0697@example.test,1999-08-26,2026-07-24T16:51:48
CNT-000698,Robert,Flores,555-794-5950,robert.flores.0698@example.test,1993-10-25,2026-07-17T14:43:32
CNT-000699,Deborah,Smith,555-422-8201,deborah.smith.0699@example.test,,2026-07-25T08:02:20
CNT-000700,Brian,Baker,555-461-5116,brian.baker.0700@example.test,1983-07-03,2026-07-27T09:02:20
CNT-000701,Ashley,Thompson,555-638-2518,ashley.thompson.0701@example.test,,2026-07-26T18:29:23
CNT-000702,Charles,Nguyen,555-323-2910,charles.nguyen.0702@example.test,1964-12-12,2026-07-26T18:29:23
CNT-000703,Donald,Mitchell,555-868-6141,donald.mitchell.0703@example.test,,2026-07-25T14:12:43
CNT-000704,Ashley,Baker,555-032-7995,ashley.baker.0704@example.test,1993-05-24,2026-07-25T14:12:43
CNT-000705,Jessica,Hall,555-130-1034,jessica.hall.0705@example.test,1983-09-08,2026-07-09T18:52:19
CNT-000706,Melissa,Taylor,555-258-7760,melissa.taylor.0706@example.test,1969-07-25,2026-07-10T15:25:17
CNT-000707,Carol,Nelson,555-656-4875,carol.nelson.0707@example.test,1972-09-07,2026-07-11T19:25:17
CNT-000708,William,Wilson,555-778-3285,william.wilson.0708@example.test,,2026-07-02T10:26:57
CNT-000709,James,Campbell,555-017-2481,james.campbell.0709@example.test,2003-06-27,2026-07-02T10:26:57
CNT-000710,Michelle,Anderson,555-465-2849,michelle.anderson.0710@example.test,,2026-07-06T19:25:05
CNT-000711,Betty,Martin,555-453-9799,betty.martin.0711@example.test,,2026-07-06T20:25:05
CNT-000712,Emily,Wright,555-651-2934,emily.wright.0712@example.test,1961-10-27,2026-07-06T19:25:05
CNT-000713,Joshua,Perez,555-405-6348,joshua.perez.0713@example.test,1989-01-13,2026-07-16T11:57:50
CNT-000714,Robert,Hill,555-691-7760,robert.hill.0714@example.test,,2026-07-01T09:04:14
CNT-000715,Patricia,Lee,555-210-2090,patricia.lee.0715@example.test,1968-04-03,2026-07-01T09:04:14
CNT-000716,Mary,Robinson,555-713-8241,mary.robinson.0716@example.test,,2026-07-12T15:57:22
CNT-000717,George,Hernandez,555-429-4180,george.hernandez.0717@example.test,1993-06-01,2026-07-12T15:57:22
CNT-000718,Karen,Nguyen,555-142-6025,karen.nguyen.0718@example.test,1986-02-08,2026-07-01T16:50:06
CNT-000719,Matthew,Hill,555-384-6106,matthew.hill.0719@example.test,1961-07-07,2026-07-02T17:50:06
CNT-000720,Michael,Johnson,555-687-9012,michael.johnson.0720@example.test,1969-06-08,2026-07-17T19:46:50
CNT-000721,Kimberly,Wilson,555-470-9645,kimberly.wilson.0721@example.test,,2026-07-20T00:46:50
CNT-000722,Dorothy,Rodriguez,555-408-8217,dorothy.rodriguez.0722@example.test,1982-10-26,2026-07-18T19:50:22
CNT-000723,Margaret,Lewis,555-913-9700,margaret.lewis.0723@example.test,1976-12-09,2026-07-22T13:12:59
CNT-000724,Ronald,Perez,555-111-3835,ronald.perez.0724@example.test,,2026-07-15T10:57:38
CNT-000725,Mark,Lee,555-049-0013,mark.lee.0725@example.test,2001-03-28,2026-07-17T12:57:38
CNT-000726,Betty,King,555-853-3088,betty.king.0726@example.test,,2026-07-28T09:26:58
CNT-000727,Matthew,Martin,555-411-4902,matthew.martin.0727@example.test,,2026-07-31T12:26:58
CNT-000728,Dorothy,Walker,555-684-6908,dorothy.walker.0728@example.test,1961-12-10,2026-07-28T09:26:58
CNT-000729,Mark,Williams,555-904-5601,mark.williams.0729@example.test,1985-04-23,2026-07-05T13:23:42
CNT-000730,Nancy,Martinez,555-378-4260,nancy.martinez.0730@example.test,,2026-07-05T08:26:34
CNT-000731,Matthew,Brown,555-488-0202,matthew.brown.0731@example.test,1986-02-08,2026-07-05T08:26:34
CNT-000732,Emily,Nguyen,555-579-3701,emily.nguyen.0732@example.test,1967-05-13,2026-07-21T09:34:24
CNT-000733,Emily,Walker,555-791-5264,emily.walker.0733@example.test,,2026-07-16T19:56:21
CNT-000734,Patricia,Young,555-576-1078,patricia.young.0734@example.test,1988-04-25,2026-07-20T01:56:21
CNT-000735,William,Wright,555-874-8359,william.wright.0735@example.test,,2026-07-16T23:56:21
CNT-000736,Carol,Gonzalez,555-733-7698,carol.gonzalez.0736@example.test,,2026-07-08T16:12:08
CNT-000737,Michael,Green,555-237-8815,michael.green.0737@example.test,1985-09-14,2026-07-08T16:12:08
CNT-000738,William,Williams,555-527-1407,william.williams.0738@example.test,1962-08-19,2026-07-08T15:14:44
CNT-000739,Deborah,Williams,555-203-3407,deborah.williams.0739@example.test,1982-05-28,2026-07-27T20:34:28
CNT-000740,Edward,Moore,555-537-5624,edward.moore.0740@example.test,1973-05-12,2026-07-28T18:04:52
CNT-000741,Jeffrey,Brown,555-873-2362,jeffrey.brown.0741@example.test,1974-09-26,2026-07-22T14:30:49
CNT-000742,Emily,Jackson,555-408-8171,emily.jackson.0742@example.test,,2026-07-11T10:53:46
CNT-000743,John,Campbell,555-929-7886,john.campbell.0743@example.test,2008-04-13,2026-07-11T10:53:46
CNT-000744,Mary,Williams,555-963-8857,mary.williams.0744@example.test,,2026-07-26T14:12:53
CNT-000745,Lisa,Campbell,555-028-2022,lisa.campbell.0745@example.test,1986-09-16,2026-07-26T14:12:53
CNT-000746,John,Green,555-851-0640,john.green.0746@example.test,1996-12-27,2026-07-01T09:07:47
CNT-000747,Jennifer,Baker,555-201-1383,jennifer.baker.0747@example.test,,2026-07-02T09:38:15
CNT-000748,Thomas,Jackson,555-702-6127,thomas.jackson.0748@example.test,1966-01-01,2026-07-02T09:38:15
CNT-000749,Rebecca,Lopez,555-585-3613,rebecca.lopez.0749@example.test,1970-04-08,2026-07-19T15:02:32
CNT-000750,Dorothy,Robinson,555-098-6241,dorothy.robinson.0750@example.test,,2026-07-23T07:25:09
CNT-000751,George,Jackson,555-797-4196,george.jackson.0751@example.test,1978-02-09,2026-07-23T07:25:09
CNT-000752,Jeffrey,Harris,555-656-9354,jeffrey.harris.0752@example.test,1994-07-21,2026-07-04T09:57:46
CNT-000753,Jennifer,Lopez,555-216-2919,jennifer.lopez.0753@example.test,1967-12-11,2026-07-05T14:57:46
CNT-000754,Jessica,Rodriguez,555-698-4074,jessica.rodriguez.0754@example.test,,2026-07-02T08:06:21
CNT-000755,Michelle,Smith,555-555-0202,michelle.smith.0755@example.test,2002-07-19,2026-07-02T08:06:21
CNT-000756,Betty,Baker,555-542-2833,betty.baker.0756@example.test,1998-05-17,2026-07-12T17:50:33
CNT-000757,Michelle,Young,555-982-9529,michelle.young.0757@example.test,1997-10-04,2026-07-25T17:16:25
CNT-000758,Steven,Brown,555-067-3174,steven.brown.0758@example.test,,2026-07-25T19:09:45
CNT-000759,Nancy,Rivera,555-172-5572,nancy.rivera.0759@example.test,1993-01-09,2026-07-25T19:09:45
CNT-000760,William,Torres,555-859-3922,william.torres.0760@example.test,,2026-07-07T08:42:18
CNT-000761,Ryan,Brown,555-648-3968,ryan.brown.0761@example.test,1984-04-20,2026-07-10T08:42:18
CNT-000762,William,King,555-826-9432,william.king.0762@example.test,,2026-07-13T13:54:36
CNT-000763,Jennifer,Brown,555-410-0229,jennifer.brown.0763@example.test,1994-09-15,2026-07-13T13:54:36
CNT-000764,Mary,Walker,555-594-9243,mary.walker.0764@example.test,1992-02-04,2026-07-28T20:39:21
CNT-000765,Jessica,Young,555-111-8601,jessica.young.0765@example.test,,2026-07-16T19:40:22
CNT-000766,Daniel,Rivera,555-559-9992,daniel.rivera.0766@example.test,2001-08-06,2026-07-16T19:40:22
CNT-000767,Robert,Campbell,555-413-7111,robert.campbell.0767@example.test,1980-11-06,2026-07-10T16:14:13
CNT-000768,Mark,Hill,555-296-8668,mark.hill.0768@example.test,1979-11-04,2026-07-07T15:03:20
CNT-000769,Rebecca,Mitchell,555-696-6822,rebecca.mitchell.0769@example.test,,2026-07-01T08:22:25
CNT-000770,Betty,Rodriguez,555-740-8395,betty.rodriguez.0770@example.test,1963-12-27,2026-07-01T08:22:25
CNT-000771,Elizabeth,Smith,555-213-2087,elizabeth.smith.0771@example.test,,2026-07-22T14:00:12
CNT-000772,Linda,Wright,555-316-5633,linda.wright.0772@example.test,,2026-07-25T20:00:12
CNT-000773,Susan,Sanchez,555-143-5712,susan.sanchez.0773@example.test,1989-12-20,2026-07-22T14:00:12
CNT-000774,Michael,Hernandez,555-429-6443,michael.hernandez.0774@example.test,2003-04-26,2026-07-03T20:28:22
CNT-000775,Donald,Young,555-312-6925,donald.young.0775@example.test,1974-03-27,2026-07-01T14:07:42
CNT-000776,Christopher,Gonzalez,555-001-7844,christopher.gonzalez.0776@example.test,,2026-07-13T13:29:54
CNT-000777,Emily,Lewis,555-071-6828,emily.lewis.0777@example.test,1993-10-22,2026-07-13T13:29:54
CNT-000778,Joshua,Sanchez,555-103-5807,joshua.sanchez.0778@example.test,,2026-07-15T12:34:32
CNT-000779,Mary,Lewis,555-549-4668,mary.lewis.0779@example.test,1977-06-27,2026-07-15T12:34:32
CNT-000780,Laura,Harris,555-589-0817,laura.harris.0780@example.test,,2026-07-04T11:46:20
CNT-000781,Joseph,Rodriguez,555-380-2531,joseph.rodriguez.0781@example.test,1987-11-18,2026-07-04T11:46:20
CNT-000782,Michael,Harris,555-047-3539,michael.harris.0782@example.test,1962-03-25,2026-07-01T18:05:59
CNT-000783,Karen,Martinez,555-969-3541,karen.martinez.0783@example.test,,2026-07-09T07:37:51
CNT-000784,Jessica,Hernandez,555-448-3225,jessica.hernandez.0784@example.test,2001-10-28,2026-07-09T07:37:51
CNT-000785,Deborah,Rivera,555-780-9814,deborah.rivera.0785@example.test,2001-07-10,2026-07-15T07:45:31
CNT-000786,Richard,Brown,555-281-8863,richard.brown.0786@example.test,2002-01-13,2026-07-16T07:48:13
CNT-000787,Karen,Johnson,555-989-0292,karen.johnson.0787@example.test,,2026-07-13T16:17:44
CNT-000788,Karen,Williams,555-832-8450,karen.williams.0788@example.test,1984-09-20,2026-07-13T16:17:44
CNT-000789,Kevin,Nelson,555-983-7330,kevin.nelson.0789@example.test,2004-01-01,2026-07-09T12:14:55
CNT-000790,George,Davis,555-742-2587,george.davis.0790@example.test,,2026-07-15T18:05:03
CNT-000791,Rebecca,Johnson,555-529-1648,rebecca.johnson.0791@example.test,1966-03-28,2026-07-15T18:05:03
CNT-000792,Donald,Harris,555-057-4503,donald.harris.0792@example.test,,2026-07-26T08:34:42
CNT-000793,Robert,Robinson,555-371-3653,robert.robinson.0793@example.test,1962-12-27,2026-07-26T08:34:42
CNT-000794,Kenneth,Walker,555-102-5908,kenneth.walker.0794@example.test,,2026-07-06T15:19:23
CNT-000795,Linda,Harris,555-537-2111,linda.harris.0795@example.test,1970-06-23,2026-07-06T15:19:23
CNT-000796,Betty,Wilson,555-572-2350,betty.wilson.0796@example.test,,2026-07-20T11:16:00
CNT-000797,Nancy,Thomas,555-570-4541,nancy.thomas.0797@example.test,1975-05-23,2026-07-20T11:16:00
CNT-000798,Lisa,Smith,555-670-8247,lisa.smith.0798@example.test,1996-07-06,2026-07-15T14:28:29
CNT-000799,Michael,White,555-035-1461,michael.white.0799@example.test,,2026-07-18T20:35:45
CNT-000800,Sarah,Jackson,555-142-0353,sarah.jackson.0800@example.test,1985-03-15,2026-07-18T20:35:45
CNT-000801,Mary,Baker,555-380-9814,mary.baker.0801@example.test,1981-07-25,2026-07-15T20:46:18
CNT-000802,Edward,Martinez,555-805-5429,edward.martinez.0802@example.test,,2026-07-04T08:25:50
CNT-000803,Cynthia,Davis,555-772-4036,cynthia.davis.0803@example.test,1987-03-22,2026-07-04T08:25:50
CNT-000804,Betty,Campbell,555-688-8053,betty.campbell.0804@example.test,1983-12-01,2026-07-13T09:21:56
CNT-000805,Ashley,Thomas,555-962-1196,ashley.thomas.0805@example.test,,2026-07-13T11:21:56
CNT-000806,Susan,Mitchell,555-108-7897,susan.mitchell.0806@example.test,2001-03-22,2026-07-19T17:51:01
CNT-000807,Robert,Miller,555-764-5642,robert.miller.0807@example.test,1989-05-23,2026-07-19T13:17:09
CNT-000808,Mary,Jackson,555-240-2318,mary.jackson.0808@example.test,1973-06-25,2026-07-13T20:55:22
CNT-000809,Thomas,Brown,555-570-1179,thomas.brown.0809@example.test,,2026-07-16T14:00:26
CNT-000810,Sandra,Johnson,555-419-5058,sandra.johnson.0810@example.test,1996-02-23,2026-07-16T14:00:26
CNT-000811,David,Jones,555-090-7987,david.jones.0811@example.test,,2026-07-28T15:19:58
CNT-000812,Margaret,Scott,555-421-5282,margaret.scott.0812@example.test,1978-08-13,2026-07-28T15:19:58
CNT-000813,Steven,Jones,555-786-7097,steven.jones.0813@example.test,,2026-07-09T19:10:21
CNT-000814,Barbara,Hall,555-367-2353,barbara.hall.0814@example.test,1984-07-20,2026-07-12T19:10:21
CNT-000815,Christopher,Lee,555-030-6488,christopher.lee.0815@example.test,2002-03-16,2026-07-15T09:36:06
CNT-000816,Nancy,Williams,555-247-5274,nancy.williams.0816@example.test,1970-05-23,2026-07-07T19:54:42
CNT-000817,Jason,Mitchell,555-382-0652,jason.mitchell.0817@example.test,,2026-07-05T11:25:27
CNT-000818,Barbara,Flores,555-285-5067,barbara.flores.0818@example.test,1992-06-18,2026-07-05T11:25:27
CNT-000819,Matthew,Adams,555-298-2112,matthew.adams.0819@example.test,1964-01-25,2026-07-09T11:14:40
CNT-000820,Richard,Harris,555-884-6296,richard.harris.0820@example.test,1983-01-03,2026-07-14T09:01:31
CNT-000821,Deborah,Thomas,555-174-9139,deborah.thomas.0821@example.test,,2026-07-17T15:01:31
CNT-000822,Thomas,Rivera,555-289-9410,thomas.rivera.0822@example.test,,2026-07-17T11:01:31
CNT-000823,Cynthia,Lopez,555-787-1223,cynthia.lopez.0823@example.test,1997-09-03,2026-07-07T13:17:52
CNT-000824,Nancy,Anderson,555-761-2779,nancy.anderson.0824@example.test,,2026-07-24T18:23:14
CNT-000825,Kenneth,Torres,555-398-5270,kenneth.torres.0825@example.test,,2026-07-24T20:23:14
CNT-000826,Stephanie,Perez,555-879-7855,stephanie.perez.0826@example.test,1994-08-06,2026-07-24T18:23:14
CNT-000827,Daniel,Walker,555-253-6138,daniel.walker.0827@example.test,2004-07-08,2026-07-01T16:37:59
CNT-000828,Karen,Davis,555-652-1228,karen.davis.0828@example.test,,2026-07-26T16:01:16
CNT-000829,Christopher,Walker,555-312-8538,christopher.walker.0829@example.test,1969-08-06,2026-07-26T16:01:16
CNT-000830,Daniel,Lewis,555-303-0915,daniel.lewis.0830@example.test,,2026-07-22T14:47:34
CNT-000831,Robert,Rodriguez,555-124-7325,robert.rodriguez.0831@example.test,1966-03-03,2026-07-22T14:47:34
CNT-000832,Susan,Campbell,555-079-2589,susan.campbell.0832@example.test,2002-07-25,2026-07-10T10:44:58
CNT-000833,Michael,Baker,555-750-1380,michael.baker.0833@example.test,1983-08-28,2026-07-12T12:51:09
CNT-000834,James,Rivera,555-702-0361,james.rivera.0834@example.test,1963-06-15,2026-07-12T17:51:09
CNT-000835,Sarah,Baker,555-316-2998,sarah.baker.0835@example.test,,2026-07-16T17:02:00
CNT-000836,Robert,Lopez,555-196-0986,robert.lopez.0836@example.test,1990-08-09,2026-07-16T17:02:00
CNT-000837,Charles,Lee,555-812-1074,charles.lee.0837@example.test,,2026-07-11T17:42:41
CNT-000838,Timothy,Brown,555-761-0253,timothy.brown.0838@example.test,1991-02-06,2026-07-14T17:42:41
CNT-000839,Jason,Walker,555-750-2372,jason.walker.0839@example.test,,2026-07-23T18:43:14
CNT-000840,David,Nelson,555-505-9346,david.nelson.0840@example.test,1974-02-10,2026-07-23T18:43:14
CNT-000841,Stephanie,Wilson,555-081-5282,stephanie.wilson.0841@example.test,,2026-07-25T11:40:03
CNT-000842,Linda,Adams,555-229-5989,linda.adams.0842@example.test,1965-02-16,2026-07-25T11:40:03
CNT-000843,Betty,Wilson,555-690-5400,betty.wilson.0843@example.test,1998-02-01,2026-07-03T13:01:54
CNT-000844,Karen,Hall,555-845-1942,karen.hall.0844@example.test,1970-08-11,2026-07-12T09:29:45
CNT-000845,Michael,Young,555-152-3188,michael.young.0845@example.test,1972-10-26,2026-07-12T14:02:54
CNT-000846,Rebecca,Allen,555-006-9866,rebecca.allen.0846@example.test,1977-06-25,2026-07-07T14:13:53
CNT-000847,Thomas,Sanchez,555-248-6750,thomas.sanchez.0847@example.test,1994-01-10,2026-07-08T17:16:08
CNT-000848,Sarah,Davis,555-944-5695,sarah.davis.0848@example.test,,2026-07-21T17:10:00
CNT-000849,Richard,Martin,555-759-3043,richard.martin.0849@example.test,1983-12-10,2026-07-21T17:10:00
CNT-000850,Cynthia,Green,555-057-5686,cynthia.green.0850@example.test,,2026-07-20T18:01:52
CNT-000851,Jason,Baker,555-669-5767,jason.baker.0851@example.test,1974-01-28,2026-07-20T18:01:52
CNT-000852,Michelle,Rivera,555-410-4181,michelle.rivera.0852@example.test,,2026-07-02T20:13:49
CNT-000853,Steven,Allen,555-451-3796,steven.allen.0853@example.test,1984-01-21,2026-07-02T20:13:49
CNT-000854,Kevin,Lee,555-466-0522,kevin.lee.0854@example.test,,2026-07-21T13:17:32
CNT-000855,Betty,Martinez,555-178-4076,betty.martinez.0855@example.test,1992-05-19,2026-07-21T13:17:32
CNT-000856,Nancy,Adams,555-688-2514,nancy.adams.0856@example.test,,2026-07-01T09:04:16
CNT-000857,Sandra,Smith,555-152-7968,sandra.smith.0857@example.test,1984-01-05,2026-07-01T09:04:16
CNT-000858,Lisa,Nelson,555-232-1660,lisa.nelson.0858@example.test,,2026-07-25T10:11:15
CNT-000859,Michelle,Jackson,555-539-5728,michelle.jackson.0859@example.test,2004-08-13,2026-07-25T10:11:15
CNT-000860,George,Gonzalez,555-285-9150,george.gonzalez.0860@example.test,1997-02-23,2026-07-04T12:13:21
CNT-000861,Charles,Lewis,555-778-0915,charles.lewis.0861@example.test,,2026-07-06T09:50:59
CNT-000862,Thomas,Davis,555-403-3035,thomas.davis.0862@example.test,1996-11-05,2026-07-06T09:50:59
CNT-000863,William,Williams,555-438-3460,william.williams.0863@example.test,2006-02-04,2026-07-14T14:46:50
CNT-000864,Sharon,Adams,555-992-4344,sharon.adams.0864@example.test,,2026-07-05T11:31:23
CNT-000865,Susan,Rodriguez,555-391-6113,susan.rodriguez.0865@example.test,1975-04-20,2026-07-05T11:31:23
CNT-000866,William,Walker,555-908-9349,william.walker.0866@example.test,1990-10-23,2026-07-25T13:11:12
CNT-000867,Michelle,Johnson,555-968-1133,michelle.johnson.0867@example.test,,2026-07-06T11:30:57
CNT-000868,David,Rivera,555-987-1847,david.rivera.0868@example.test,1992-11-08,2026-07-06T11:30:57
CNT-000869,Brian,Mitchell,555-924-3807,brian.mitchell.0869@example.test,,2026-07-03T14:05:30
CNT-000870,Barbara,Scott,555-714-9295,barbara.scott.0870@example.test,1961-03-17,2026-07-04T19:05:30
CNT-000871,Kimberly,Harris,555-289-3742,kimberly.harris.0871@example.test,,2026-07-17T17:02:21
CNT-000872,Jessica,Clark,555-479-0467,jessica.clark.0872@example.test,2004-02-08,2026-07-17T21:02:21
CNT-000873,Christopher,Robinson,555-221-3986,christopher.robinson.0873@example.test,1991-08-18,2026-07-17T21:02:21
CNT-000874,Charles,Taylor,555-315-2917,charles.taylor.0874@example.test,,2026-07-03T10:45:33
CNT-000875,Donald,Martin,555-892-7699,donald.martin.0875@example.test,1966-05-28,2026-07-03T10:45:33
CNT-000876,Thomas,Williams,555-124-0342,thomas.williams.0876@example.test,1992-01-11,2026-07-11T19:10:46
CNT-000877,Nancy,Lewis,555-859-2764,nancy.lewis.0877@example.test,,2026-07-27T20:52:32
CNT-000878,Mark,Green,555-260-3136,mark.green.0878@example.test,1991-10-13,2026-07-27T20:52:32
CNT-000879,Ryan,Anderson,555-774-9302,ryan.anderson.0879@example.test,1975-02-01,2026-07-09T07:29:16
CNT-000880,Lisa,Lopez,555-878-8180,lisa.lopez.0880@example.test,1989-05-05,2026-07-15T10:13:26
CNT-000881,Edward,Taylor,555-063-2567,edward.taylor.0881@example.test,,2026-07-16T08:52:41
CNT-000882,Kimberly,Thompson,555-716-3179,kimberly.thompson.0882@example.test,1991-10-02,2026-07-16T08:52:41
CNT-000883,Kevin,Robinson,555-201-6102,kevin.robinson.0883@example.test,,2026-07-12T20:02:45
CNT-000884,Linda,Smith,555-366-4828,linda.smith.0884@example.test,1998-11-07,2026-07-12T20:02:45
CNT-000885,David,Flores,555-406-3174,david.flores.0885@example.test,1971-02-16,2026-07-18T15:50:57
CNT-000886,Jeffrey,Martin,555-079-1451,jeffrey.martin.0886@example.test,1981-05-27,2026-07-10T11:53:37
CNT-000887,Elizabeth,Torres,555-090-8025,elizabeth.torres.0887@example.test,,2026-07-02T20:57:47
CNT-000888,Jennifer,Miller,555-391-7509,jennifer.miller.0888@example.test,1971-03-19,2026-07-02T20:57:47
CNT-000889,Amanda,Johnson,555-841-1204,amanda.johnson.0889@example.test,1997-04-20,2026-07-25T14:33:42
CNT-000890,James,Moore,555-644-1076,james.moore.0890@example.test,1971-05-20,2026-07-07T18:55:13
CNT-000891,Sarah,Thompson,555-090-2817,sarah.thompson.0891@example.test,,2026-07-07T14:11:55
CNT-000892,Joshua,Baker,555-738-9807,joshua.baker.0892@example.test,1999-05-01,2026-07-07T14:11:55
CNT-000893,David,Gonzalez,555-748-7781,david.gonzalez.0893@example.test,,2026-07-01T07:15:00
CNT-000894,Jessica,Gonzalez,555-174-5655,jessica.gonzalez.0894@example.test,1976-09-04,2026-07-01T07:15:00
CNT-000895,Thomas,Adams,555-669-0156,thomas.adams.0895@example.test,1973-04-01,2026-07-11T07:15:08
CNT-000896,John,Brown,555-766-7624,john.brown.0896@example.test,,2026-07-22T18:25:20
CNT-000897,Joseph,Lewis,555-713-5130,joseph.lewis.0897@example.test,1996-05-26,2026-07-22T18:25:20
CNT-000898,Ronald,Anderson,555-104-1965,ronald.anderson.0898@example.test,,2026-07-14T09:17:31
CNT-000899,Kimberly,Smith,555-977-9544,kimberly.smith.0899@example.test,2001-03-22,2026-07-14T09:17:31
CNT-000900,Deborah,Clark,555-347-6706,deborah.clark.0900@example.test,,2026-07-03T10:47:10
CNT-000901,Christopher,Torres,555-291-8838,christopher.torres.0901@example.test,2004-04-19,2026-07-03T10:47:10
CNT-000902,Kevin,Johnson,555-783-2167,kevin.johnson.0902@example.test,1997-03-07,2026-07-24T12:23:46
CNT-000903,Kenneth,Perez,555-510-8255,kenneth.perez.0903@example.test,1974-04-01,2026-07-02T15:15:53
CNT-000904,Dorothy,Gonzalez,555-845-3355,dorothy.gonzalez.0904@example.test,1972-05-24,2026-07-01T11:22:32
CNT-000905,Sandra,Wilson,555-370-7477,sandra.wilson.0905@example.test,,2026-07-02T12:22:32
CNT-000906,Jason,Moore,555-075-9501,jason.moore.0906@example.test,2000-04-26,2026-07-12T19:21:12
CNT-000907,Susan,Mitchell,555-221-4283,susan.mitchell.0907@example.test,,2026-07-08T18:10:03
CNT-000908,Jennifer,Hernandez,555-506-2454,jennifer.hernandez.0908@example.test,1979-02-27,2026-07-08T20:10:03
CNT-000909,Anthony,Hill,555-700-3692,anthony.hill.0909@example.test,1970-03-08,2026-07-08T12:24:24
CNT-000910,Edward,Mitchell,555-087-6093,edward.mitchell.0910@example.test,2001-12-23,2026-07-05T10:53:45
CNT-000911,Jeffrey,Perez,555-385-6373,jeffrey.perez.0911@example.test,,2026-07-18T14:27:10
CNT-000912,Melissa,Rivera,555-265-2365,melissa.rivera.0912@example.test,1973-06-16,2026-07-20T20:27:10
CNT-000913,Stephanie,Jackson,555-033-8421,stephanie.jackson.0913@example.test,,2026-07-20T14:27:10
CNT-000914,Melissa,Thompson,555-173-3335,melissa.thompson.0914@example.test,,2026-07-07T17:01:44
CNT-000915,David,Clark,555-913-7795,david.clark.0915@example.test,2008-10-12,2026-07-07T17:01:44
CNT-000916,Sandra,Thomas,555-358-6529,sandra.thomas.0916@example.test,,2026-07-13T19:28:21
CNT-000917,Mark,Garcia,555-047-4138,mark.garcia.0917@example.test,1981-12-06,2026-07-13T19:28:21
CNT-000918,Donald,King,555-659-7081,donald.king.0918@example.test,,2026-07-01T18:32:32
CNT-000919,Melissa,Nelson,555-245-1513,melissa.nelson.0919@example.test,2004-10-27,2026-07-01T18:32:32
CNT-000920,Paul,Smith,555-423-3118,paul.smith.0920@example.test,1966-05-09,2026-07-03T20:05:11
CNT-000921,Cynthia,Mitchell,555-890-3800,cynthia.mitchell.0921@example.test,1969-09-27,2026-07-14T17:48:03
CNT-000922,Paul,Williams,555-906-5839,paul.williams.0922@example.test,,2026-07-01T08:39:03
CNT-000923,Donald,Adams,555-339-0249,donald.adams.0923@example.test,1964-01-05,2026-07-02T19:12:07
CNT-000924,Richard,Rodriguez,555-325-2013,richard.rodriguez.0924@example.test,1961-07-26,2026-07-02T10:19:48
CNT-000925,Anthony,White,555-825-3878,anthony.white.0925@example.test,,2026-07-02T19:47:19
CNT-000926,Michelle,Jones,555-582-2441,michelle.jones.0926@example.test,2002-02-20,2026-05-06T07:59:48
CNT-000927,Nancy,Hernandez,555-423-2109,nancy.hernandez.0927@example.test,2002-07-08,2026-05-17T20:09:34
CNT-000928,Paul,Ramirez,555-534-6212,paul.ramirez.0928@example.test,2001-08-12,2026-05-19T22:09:34
CNT-000929,Elizabeth,Mitchell,555-456-2397,elizabeth.mitchell.0929@example.test,,2026-05-10T07:05:07
CNT-000930,Charles,Williams,555-688-7141,charles.williams.0930@example.test,1984-10-22,2026-05-10T07:05:07
CNT-000931,Ronald,Torres,555-735-8328,ronald.torres.0931@example.test,1975-08-28,2026-05-24T10:57:55
CNT-000932,Paul,Nelson,555-549-0301,paul.nelson.0932@example.test,1973-06-12,2026-05-07T19:54:46
CNT-000933,Kenneth,Clark,555-027-5737,kenneth.clark.0933@example.test,,2026-05-11T20:29:07
CNT-000934,Edward,Hall,555-988-9922,edward.hall.0934@example.test,1995-08-05,2026-05-11T20:29:07
CNT-000935,James,Flores,555-993-8304,james.flores.0935@example.test,,2026-05-04T09:07:44
CNT-000936,Richard,Rivera,555-097-4893,richard.rivera.0936@example.test,,2026-05-07T09:07:44
CNT-000937,Donald,Moore,555-057-8478,donald.moore.0937@example.test,1985-11-16,2026-05-04T09:07:44
CNT-000938,Donna,Smith,555-293-5156,donna.smith.0938@example.test,2006-01-04,2026-05-21T16:47:12
CNT-000939,Nancy,Hall,555-096-7343,nancy.hall.0939@example.test,,2026-05-28T17:56:01
CNT-000940,Ronald,Mitchell,555-914-3114,ronald.mitchell.0940@example.test,1984-04-16,2026-05-28T17:56:01
CNT-000941,Stephanie,Williams,555-883-3078,stephanie.williams.0941@example.test,,2026-05-04T11:33:27
CNT-000942,Edward,Ramirez,555-958-5217,edward.ramirez.0942@example.test,1999-11-19,2026-05-04T11:33:27
CNT-000943,Stephanie,Jackson,555-773-9305,stephanie.jackson.0943@example.test,,2026-05-04T14:46:19
CNT-000944,Sarah,King,555-688-9609,sarah.king.0944@example.test,1980-01-14,2026-05-05T19:46:19
CNT-000945,Susan,Nguyen,555-714-8634,susan.nguyen.0945@example.test,,2026-05-07T17:46:19
CNT-000946,Matthew,Anderson,555-820-5543,matthew.anderson.0946@example.test,,2026-05-14T16:31:06
CNT-000947,Barbara,Adams,555-976-1281,barbara.adams.0947@example.test,1978-03-12,2026-05-14T16:31:06
CNT-000948,Charles,Scott,555-989-5127,charles.scott.0948@example.test,1963-02-11,2026-05-02T18:34:37
CNT-000949,Mark,Mitchell,555-452-2682,mark.mitchell.0949@example.test,1965-10-25,2026-05-28T17:19:58
CNT-000950,Charles,Lee,555-390-0001,charles.lee.0950@example.test,1993-06-01,2026-05-03T10:53:48
CNT-000951,Susan,Ramirez,555-484-8012,susan.ramirez.0951@example.test,2008-12-03,2026-06-09T18:39:53
CNT-000952,Deborah,Brown,555-167-1730,deborah.brown.0952@example.test,,2026-06-09T22:39:53
CNT-000953,Stephanie,Harris,555-696-0319,stephanie.harris.0953@example.test,1985-01-19,2026-06-12T12:05:20
CNT-000954,Andrew,White,555-550-2923,andrew.white.0954@example.test,,2026-06-09T13:31:34
CNT-000955,Richard,Martinez,555-274-8716,richard.martinez.0955@example.test,1988-02-14,2026-06-09T13:31:34
CNT-000956,Andrew,Moore,555-244-5865,andrew.moore.0956@example.test,2005-03-02,2026-06-13T20:55:09
CNT-000957,Patricia,Clark,555-839-1169,patricia.clark.0957@example.test,2002-07-24,2026-06-23T20:16:38
CNT-000958,Ryan,Smith,555-654-1980,ryan.smith.0958@example.test,1999-05-16,2026-06-24T20:36:35
CNT-000959,Daniel,Williams,555-840-7059,daniel.williams.0959@example.test,1966-04-01,2026-06-03T18:39:50
CNT-000960,Paul,Adams,555-978-9713,paul.adams.0960@example.test,1984-01-12,2026-06-25T10:57:26
CNT-000961,Michelle,Davis,555-019-1228,michelle.davis.0961@example.test,1980-04-19,2026-06-26T20:11:51
CNT-000962,Andrew,Rivera,555-719-8074,andrew.rivera.0962@example.test,1976-02-18,2026-06-22T13:07:10
CNT-000963,Mark,Ramirez,555-044-7095,mark.ramirez.0963@example.test,2002-09-04,2026-06-13T13:24:53
CNT-000964,Kevin,Scott,555-311-9338,kevin.scott.0964@example.test,,2026-06-06T19:11:35
CNT-000965,Jennifer,White,555-058-0034,jennifer.white.0965@example.test,2000-09-14,2026-06-06T19:11:35
CNT-000966,Sandra,Davis,555-102-2893,sandra.davis.0966@example.test,,2026-06-24T11:29:03
CNT-000967,Betty,King,555-706-8881,betty.king.0967@example.test,2001-06-27,2026-06-24T11:29:03
CNT-000968,Michael,Hill,555-735-0533,michael.hill.0968@example.test,,2026-07-15T18:42:18
CNT-000969,Charles,Nguyen,555-055-4513,charles.nguyen.0969@example.test,2005-11-18,2026-07-15T18:42:18
CNT-000970,Joshua,Lewis,555-514-6399,joshua.lewis.0970@example.test,,2026-07-25T07:46:08
CNT-000971,Sarah,Sanchez,555-238-9590,sarah.sanchez.0971@example.test,1981-05-23,2026-07-25T07:46:08
CNT-000972,Kevin,Wright,555-544-6947,kevin.wright.0972@example.test,1976-11-23,2026-07-23T16:21:48
CNT-000973,Stephanie,Martinez,555-340-0703,stephanie.martinez.0973@example.test,,2026-07-11T08:20:26
CNT-000974,Cynthia,Scott,555-522-5165,cynthia.scott.0974@example.test,1991-04-23,2026-07-11T08:20:26
CNT-000975,Kevin,Davis,555-546-8307,kevin.davis.0975@example.test,2005-12-12,2026-07-27T12:32:03
CNT-000976,Nancy,Lee,555-101-2150,nancy.lee.0976@example.test,1968-01-03,2026-07-29T15:32:03
CNT-000977,Jessica,King,555-171-8398,jessica.king.0977@example.test,1990-09-16,2026-07-28T16:58:28
CNT-000978,Amanda,Torres,555-599-8595,amanda.torres.0978@example.test,,2026-07-21T07:44:34
CNT-000979,Joseph,Wilson,555-939-8630,joseph.wilson.0979@example.test,1965-09-22,2026-07-21T09:44:34
CNT-000980,Margaret,Nguyen,555-138-9469,margaret.nguyen.0980@example.test,1990-09-08,2026-07-24T11:11:58
CNT-000981,Melissa,Mitchell,555-211-3672,melissa.mitchell.0981@example.test,2002-03-08,2026-07-23T10:34:54
CNT-000982,Linda,Baker,555-550-1531,linda.baker.0982@example.test,1990-04-18,2026-07-23T14:00:09
CNT-000983,Paul,Davis,555-929-4159,paul.davis.0983@example.test,1966-09-08,2026-07-26T16:00:09
CNT-000984,Amanda,Sanchez,555-981-7428,amanda.sanchez.0984@example.test,1996-02-02,2026-07-15T07:21:09
