activity_id,professional_account_id,outreach_rep_id,activity_timestamp,activity_type,direction,reciprocated_flag,evidence_class
ACT-000001,PRO-000001,REP-000004,2026-06-04T14:01:35,Presentation,Outbound,1,Human-Entered
ACT-000002,PRO-000001,REP-000004,2026-05-31T10:18:39,Email,Outbound,1,System-Observed
ACT-000003,PRO-000001,REP-000001,2026-06-15T19:27:24,Tour,Outbound,1,Human-Entered
ACT-000004,PRO-000001,REP-000004,2026-05-11T12:45:03,Email,Outbound,1,System-Observed
ACT-000005,PRO-000001,REP-000004,2026-06-08T10:31:50,Lunch,Outbound,1,Human-Entered
ACT-000006,PRO-000003,REP-000004,2026-07-03T14:37:33,Call,Inbound,1,Human-Entered
ACT-000007,PRO-000003,REP-000004,2026-07-17T17:02:01,Call,Inbound,1,Human-Entered
ACT-000008,PRO-000003,REP-000003,2026-06-15T20:44:16,Email,Outbound,1,System-Observed
ACT-000009,PRO-000003,REP-000004,2026-06-08T13:19:51,Meeting,Outbound,0,Human-Entered
ACT-000010,PRO-000003,REP-000002,2026-06-16T19:58:50,Call,Outbound,1,Human-Entered
ACT-000011,PRO-000004,REP-000003,2026-05-10T09:39:02,Call,Outbound,1,Human-Entered
ACT-000012,PRO-000004,REP-000003,2026-07-28T13:20:37,Lunch,Outbound,1,Human-Entered
ACT-000013,PRO-000004,REP-000001,2026-05-04T09:37:55,Call,Inbound,1,Human-Entered
ACT-000014,PRO-000004,REP-000003,2026-07-12T10:59:00,Meeting,Outbound,1,Human-Entered
ACT-000015,PRO-000004,REP-000003,2026-06-12T10:58:29,Email,Outbound,1,System-Observed
ACT-000016,PRO-000004,REP-000003,2026-05-16T10:58:12,Lunch,Inbound,1,Human-Entered
ACT-000017,PRO-000006,REP-000002,2026-06-11T15:37:39,Lunch,Outbound,0,Human-Entered
ACT-000018,PRO-000006,REP-000002,2026-07-26T13:11:13,Lunch,Inbound,0,Human-Entered
ACT-000019,PRO-000006,REP-000002,2026-07-13T07:07:56,Presentation,Outbound,0,Human-Entered
ACT-000020,PRO-000007,REP-000003,2026-06-27T16:29:58,Email,Inbound,0,System-Observed
ACT-000021,PRO-000007,REP-000002,2026-07-29T09:50:08,Tour,Outbound,0,Human-Entered
ACT-000022,PRO-000007,REP-000003,2026-05-26T10:57:17,Presentation,Outbound,1,Human-Entered
ACT-000023,PRO-000007,REP-000003,2026-07-28T09:33:59,Presentation,Inbound,1,Human-Entered
ACT-000024,PRO-000007,REP-000003,2026-07-25T07:52:08,Lunch,Outbound,0,Human-Entered
ACT-000025,PRO-000007,REP-000003,2026-05-23T10:15:49,Email,Outbound,1,System-Observed
ACT-000026,PRO-000009,REP-000003,2026-05-18T14:36:56,Presentation,Inbound,1,Human-Entered
ACT-000027,PRO-000009,REP-000003,2026-07-09T15:55:49,Lunch,Outbound,0,Human-Entered
ACT-000028,PRO-000009,REP-000003,2026-06-04T19:06:46,Lunch,Inbound,1,Human-Entered
ACT-000029,PRO-000010,REP-000003,2026-06-20T16:44:21,Meeting,Outbound,0,Human-Entered
ACT-000030,PRO-000010,REP-000002,2026-06-26T10:16:08,Presentation,Inbound,0,Human-Entered
ACT-000031,PRO-000010,REP-000003,2026-05-31T07:24:30,Email,Inbound,1,System-Observed
ACT-000032,PRO-000010,REP-000004,2026-06-14T17:59:27,Meeting,Outbound,1,Human-Entered
ACT-000033,PRO-000010,REP-000003,2026-06-15T08:43:43,Meeting,Outbound,1,Human-Entered
ACT-000034,PRO-000010,REP-000002,2026-05-14T14:08:34,Tour,Outbound,1,Human-Entered
ACT-000035,PRO-000010,REP-000003,2026-05-21T13:56:25,Presentation,Outbound,0,Human-Entered
ACT-000036,PRO-000010,REP-000003,2026-06-05T20:09:44,Presentation,Outbound,1,Human-Entered
ACT-000037,PRO-000010,REP-000003,2026-05-09T07:38:07,Lunch,Outbound,1,Human-Entered
ACT-000038,PRO-000010,REP-000003,2026-05-02T12:16:04,Tour,Outbound,0,Human-Entered
ACT-000039,PRO-000011,REP-000004,2026-05-02T19:17:56,Meeting,Outbound,1,Human-Entered
ACT-000040,PRO-000011,REP-000004,2026-05-18T17:52:18,Tour,Outbound,1,Human-Entered
ACT-000041,PRO-000011,REP-000004,2026-05-26T09:39:19,Email,Outbound,0,System-Observed
ACT-000042,PRO-000011,REP-000004,2026-05-22T09:10:11,Lunch,Outbound,1,Human-Entered
ACT-000043,PRO-000011,REP-000004,2026-06-25T15:29:03,Tour,Outbound,1,Human-Entered
ACT-000044,PRO-000011,REP-000004,2026-05-03T09:32:08,Tour,Outbound,1,Human-Entered
ACT-000045,PRO-000011,REP-000004,2026-07-27T19:27:22,Meeting,Outbound,1,Human-Entered
ACT-000046,PRO-000011,REP-000004,2026-05-29T18:52:06,Tour,Inbound,1,Human-Entered
ACT-000047,PRO-000011,REP-000002,2026-07-20T11:23:20,Email,Inbound,1,System-Observed
ACT-000048,PRO-000014,REP-000003,2026-05-07T15:22:52,Meeting,Outbound,1,Human-Entered
ACT-000049,PRO-000014,REP-000003,2026-06-20T16:14:24,Email,Outbound,0,System-Observed
ACT-000050,PRO-000014,REP-000004,2026-05-12T13:33:54,Presentation,Inbound,1,Human-Entered
ACT-000051,PRO-000014,REP-000002,2026-06-10T12:43:02,Call,Inbound,1,Human-Entered
ACT-000052,PRO-000014,REP-000003,2026-07-25T11:36:29,Meeting,Outbound,1,Human-Entered
ACT-000053,PRO-000014,REP-000003,2026-07-09T17:37:22,Meeting,Outbound,1,Human-Entered
ACT-000054,PRO-000014,REP-000003,2026-07-30T19:27:12,Meeting,Inbound,1,Human-Entered
ACT-000055,PRO-000014,REP-000003,2026-05-20T11:41:11,Meeting,Outbound,1,Human-Entered
ACT-000056,PRO-000015,REP-000002,2026-05-15T17:14:06,Presentation,Outbound,1,Human-Entered
ACT-000057,PRO-000015,REP-000002,2026-05-26T15:13:03,Meeting,Outbound,1,Human-Entered
ACT-000058,PRO-000015,REP-000002,2026-06-03T07:41:40,Tour,Outbound,1,Human-Entered
ACT-000059,PRO-000015,REP-000002,2026-05-28T12:18:03,Meeting,Outbound,1,Human-Entered
ACT-000060,PRO-000016,REP-000003,2026-05-26T16:14:13,Tour,Outbound,1,Human-Entered
ACT-000061,PRO-000016,REP-000003,2026-06-17T16:09:52,Call,Inbound,0,Human-Entered
ACT-000062,PRO-000016,REP-000003,2026-06-30T07:43:36,Tour,Outbound,1,Human-Entered
ACT-000063,PRO-000016,REP-000003,2026-07-29T13:32:50,Call,Outbound,1,Human-Entered
ACT-000064,PRO-000016,REP-000001,2026-07-28T19:10:36,Email,Inbound,1,System-Observed
ACT-000065,PRO-000016,REP-000003,2026-06-04T14:50:16,Email,Outbound,1,System-Observed
ACT-000066,PRO-000016,REP-000003,2026-06-04T18:14:54,Email,Outbound,1,System-Observed
ACT-000067,PRO-000016,REP-000003,2026-07-18T15:15:52,Call,Inbound,1,Human-Entered
ACT-000068,PRO-000017,REP-000004,2026-06-05T19:04:43,Meeting,Outbound,0,Human-Entered
ACT-000069,PRO-000017,REP-000004,2026-07-30T16:11:36,Lunch,Outbound,1,Human-Entered
ACT-000070,PRO-000017,REP-000004,2026-07-07T12:23:35,Lunch,Inbound,1,Human-Entered
ACT-000071,PRO-000019,REP-000001,2026-06-21T11:46:41,Email,Outbound,1,System-Observed
ACT-000072,PRO-000019,REP-000003,2026-06-21T07:28:56,Lunch,Outbound,0,Human-Entered
ACT-000073,PRO-000019,REP-000004,2026-06-20T09:32:24,Lunch,Inbound,1,Human-Entered
ACT-000074,PRO-000019,REP-000003,2026-06-13T13:31:35,Tour,Outbound,1,Human-Entered
ACT-000075,PRO-000019,REP-000003,2026-06-18T08:26:40,Call,Outbound,1,Human-Entered
ACT-000076,PRO-000019,REP-000003,2026-05-17T12:15:17,Presentation,Outbound,1,Human-Entered
ACT-000077,PRO-000019,REP-000003,2026-07-03T20:28:26,Email,Outbound,0,System-Observed
ACT-000078,PRO-000019,REP-000003,2026-05-06T09:50:42,Lunch,Outbound,1,Human-Entered
ACT-000079,PRO-000020,REP-000003,2026-07-04T12:09:38,Call,Outbound,1,Human-Entered
ACT-000080,PRO-000020,REP-000003,2026-06-17T14:30:02,Tour,Outbound,0,Human-Entered
ACT-000081,PRO-000020,REP-000003,2026-06-17T19:44:19,Lunch,Inbound,0,Human-Entered
ACT-000082,PRO-000020,REP-000002,2026-07-21T19:08:01,Presentation,Outbound,1,Human-Entered
ACT-000083,PRO-000020,REP-000003,2026-05-13T07:36:35,Email,Inbound,1,System-Observed
ACT-000084,PRO-000020,REP-000003,2026-06-26T10:39:16,Lunch,Inbound,0,Human-Entered
ACT-000085,PRO-000020,REP-000003,2026-05-12T17:47:46,Presentation,Inbound,1,Human-Entered
ACT-000086,PRO-000020,REP-000003,2026-07-21T10:34:38,Email,Outbound,0,System-Observed
ACT-000087,PRO-000021,REP-000004,2026-06-28T15:26:10,Lunch,Outbound,0,Human-Entered
ACT-000088,PRO-000021,REP-000004,2026-06-18T11:03:05,Tour,Inbound,0,Human-Entered
ACT-000089,PRO-000021,REP-000004,2026-06-09T13:04:00,Meeting,Outbound,1,Human-Entered
ACT-000090,PRO-000021,REP-000004,2026-07-28T15:40:40,Call,Outbound,1,Human-Entered
ACT-000091,PRO-000021,REP-000004,2026-07-06T07:30:41,Meeting,Outbound,0,Human-Entered
ACT-000092,PRO-000021,REP-000004,2026-05-04T16:15:00,Lunch,Inbound,1,Human-Entered
ACT-000093,PRO-000025,REP-000003,2026-06-25T16:04:11,Presentation,Outbound,1,Human-Entered
ACT-000094,PRO-000025,REP-000003,2026-05-27T12:47:35,Tour,Outbound,1,Human-Entered
ACT-000095,PRO-000025,REP-000003,2026-05-20T14:55:30,Email,Outbound,1,System-Observed
ACT-000096,PRO-000025,REP-000003,2026-06-08T14:44:11,Call,Outbound,1,Human-Entered
ACT-000097,PRO-000025,REP-000001,2026-05-09T09:52:26,Call,Outbound,0,Human-Entered
ACT-000098,PRO-000025,REP-000003,2026-05-19T18:33:29,Meeting,Outbound,0,Human-Entered
ACT-000099,PRO-000025,REP-000003,2026-05-05T17:26:23,Call,Inbound,1,Human-Entered
ACT-000100,PRO-000025,REP-000004,2026-05-31T07:51:32,Tour,Inbound,1,Human-Entered
ACT-000101,PRO-000026,REP-000004,2026-06-17T13:27:20,Email,Outbound,0,System-Observed
ACT-000102,PRO-000026,REP-000002,2026-06-05T19:57:22,Call,Outbound,1,Human-Entered
ACT-000103,PRO-000026,REP-000002,2026-06-08T12:04:50,Meeting,Outbound,1,Human-Entered
ACT-000104,PRO-000026,REP-000004,2026-06-02T14:59:36,Call,Inbound,1,Human-Entered
ACT-000105,PRO-000027,REP-000003,2026-07-29T17:45:41,Lunch,Outbound,0,Human-Entered
ACT-000106,PRO-000027,REP-000002,2026-07-03T13:30:29,Call,Outbound,1,Human-Entered
ACT-000107,PRO-000027,REP-000002,2026-07-11T19:53:50,Lunch,Outbound,1,Human-Entered
ACT-000108,PRO-000027,REP-000002,2026-06-22T18:11:35,Tour,Inbound,1,Human-Entered
ACT-000109,PRO-000027,REP-000003,2026-07-01T09:35:30,Lunch,Outbound,1,Human-Entered
ACT-000110,PRO-000027,REP-000002,2026-05-25T08:44:12,Email,Inbound,1,System-Observed
ACT-000111,PRO-000027,REP-000002,2026-07-14T12:34:32,Call,Outbound,0,Human-Entered
ACT-000112,PRO-000028,REP-000002,2026-06-14T15:38:09,Meeting,Inbound,1,Human-Entered
ACT-000113,PRO-000028,REP-000002,2026-05-10T10:23:24,Tour,Outbound,1,Human-Entered
ACT-000114,PRO-000028,REP-000002,2026-07-30T18:47:03,Email,Outbound,1,System-Observed
ACT-000115,PRO-000028,REP-000002,2026-05-17T08:37:51,Tour,Outbound,1,Human-Entered
ACT-000116,PRO-000028,REP-000002,2026-06-06T20:07:57,Lunch,Outbound,1,Human-Entered
ACT-000117,PRO-000029,REP-000004,2026-05-01T16:27:10,Call,Outbound,1,Human-Entered
ACT-000118,PRO-000029,REP-000003,2026-06-15T18:55:44,Presentation,Inbound,1,Human-Entered
ACT-000119,PRO-000029,REP-000003,2026-06-24T07:12:43,Lunch,Outbound,0,Human-Entered
ACT-000120,PRO-000029,REP-000003,2026-07-11T09:45:33,Email,Inbound,0,System-Observed
ACT-000121,PRO-000029,REP-000003,2026-07-16T14:16:17,Email,Outbound,1,System-Observed
ACT-000122,PRO-000029,REP-000003,2026-07-14T08:09:48,Lunch,Outbound,1,Human-Entered
ACT-000123,PRO-000029,REP-000003,2026-06-01T17:54:29,Tour,Inbound,1,Human-Entered
ACT-000124,PRO-000029,REP-000003,2026-06-14T13:18:17,Presentation,Outbound,0,Human-Entered
ACT-000125,PRO-000030,REP-000002,2026-07-13T08:15:40,Tour,Outbound,0,Human-Entered
ACT-000126,PRO-000030,REP-000002,2026-06-09T17:07:29,Meeting,Outbound,1,Human-Entered
ACT-000127,PRO-000030,REP-000002,2026-06-19T10:32:22,Meeting,Outbound,1,Human-Entered
ACT-000128,PRO-000030,REP-000002,2026-06-30T17:05:32,Call,Outbound,1,Human-Entered
ACT-000129,PRO-000031,REP-000002,2026-05-23T10:56:35,Call,Inbound,1,Human-Entered
ACT-000130,PRO-000031,REP-000002,2026-06-07T19:55:00,Lunch,Outbound,1,Human-Entered
ACT-000131,PRO-000031,REP-000002,2026-07-20T20:37:47,Lunch,Outbound,1,Human-Entered
ACT-000132,PRO-000033,REP-000002,2026-06-20T16:49:17,Lunch,Outbound,1,Human-Entered
ACT-000133,PRO-000033,REP-000002,2026-06-02T17:12:12,Lunch,Outbound,1,Human-Entered
ACT-000134,PRO-000033,REP-000002,2026-06-07T12:07:01,Tour,Inbound,1,Human-Entered
ACT-000135,PRO-000033,REP-000002,2026-06-20T15:39:42,Presentation,Outbound,1,Human-Entered
ACT-000136,PRO-000033,REP-000002,2026-06-04T11:35:53,Call,Outbound,1,Human-Entered
ACT-000137,PRO-000033,REP-000002,2026-07-02T15:18:51,Tour,Outbound,1,Human-Entered
ACT-000138,PRO-000033,REP-000002,2026-07-06T16:01:20,Presentation,Outbound,1,Human-Entered
ACT-000139,PRO-000033,REP-000002,2026-07-15T07:59:25,Meeting,Outbound,1,Human-Entered
ACT-000140,PRO-000034,REP-000004,2026-06-24T11:26:30,Meeting,Inbound,1,Human-Entered
ACT-000141,PRO-000034,REP-000004,2026-07-09T09:07:02,Meeting,Outbound,1,Human-Entered
ACT-000142,PRO-000034,REP-000004,2026-05-17T11:14:07,Meeting,Inbound,1,Human-Entered
ACT-000143,PRO-000034,REP-000004,2026-05-27T20:21:56,Lunch,Outbound,0,Human-Entered
ACT-000144,PRO-000034,REP-000001,2026-05-06T07:03:28,Email,Outbound,1,System-Observed
ACT-000145,PRO-000034,REP-000004,2026-07-04T12:04:22,Call,Inbound,1,Human-Entered
ACT-000146,PRO-000034,REP-000004,2026-07-21T13:43:14,Lunch,Inbound,0,Human-Entered
ACT-000147,PRO-000034,REP-000004,2026-06-01T07:10:43,Call,Outbound,1,Human-Entered
ACT-000148,PRO-000034,REP-000004,2026-07-25T10:20:27,Presentation,Outbound,1,Human-Entered
ACT-000149,PRO-000034,REP-000002,2026-05-17T18:58:09,Email,Inbound,1,System-Observed
ACT-000150,PRO-000035,REP-000002,2026-07-20T19:38:45,Lunch,Inbound,0,Human-Entered
ACT-000151,PRO-000035,REP-000002,2026-07-02T07:12:43,Meeting,Inbound,0,Human-Entered
ACT-000152,PRO-000035,REP-000002,2026-07-23T17:28:04,Email,Inbound,0,System-Observed
ACT-000153,PRO-000035,REP-000002,2026-06-27T10:03:32,Meeting,Outbound,0,Human-Entered
ACT-000154,PRO-000035,REP-000002,2026-07-31T12:26:09,Email,Inbound,1,System-Observed
ACT-000155,PRO-000035,REP-000004,2026-06-22T10:21:34,Call,Outbound,0,Human-Entered
ACT-000156,PRO-000035,REP-000002,2026-07-03T18:38:00,Presentation,Outbound,1,Human-Entered
ACT-000157,PRO-000036,REP-000002,2026-06-10T09:44:23,Email,Outbound,1,System-Observed
ACT-000158,PRO-000036,REP-000002,2026-06-10T10:41:07,Tour,Inbound,1,Human-Entered
ACT-000159,PRO-000036,REP-000002,2026-06-06T07:21:04,Presentation,Outbound,1,Human-Entered
ACT-000160,PRO-000036,REP-000002,2026-06-06T14:11:31,Tour,Outbound,0,Human-Entered
ACT-000161,PRO-000036,REP-000002,2026-05-14T18:34:51,Presentation,Outbound,0,Human-Entered
ACT-000162,PRO-000036,REP-000002,2026-05-28T11:29:14,Email,Outbound,0,System-Observed
ACT-000163,PRO-000036,REP-000002,2026-07-16T18:57:07,Presentation,Inbound,1,Human-Entered
ACT-000164,PRO-000038,REP-000004,2026-07-10T15:09:40,Meeting,Outbound,1,Human-Entered
ACT-000165,PRO-000038,REP-000004,2026-06-28T20:57:35,Meeting,Outbound,1,Human-Entered
ACT-000166,PRO-000038,REP-000004,2026-07-25T16:53:23,Email,Outbound,0,System-Observed
ACT-000167,PRO-000038,REP-000004,2026-07-05T12:41:27,Lunch,Inbound,1,Human-Entered
ACT-000168,PRO-000038,REP-000004,2026-07-22T16:29:58,Meeting,Outbound,1,Human-Entered
ACT-000169,PRO-000038,REP-000001,2026-06-08T11:06:31,Meeting,Outbound,1,Human-Entered
ACT-000170,PRO-000038,REP-000004,2026-05-27T16:30:43,Call,Outbound,1,Human-Entered
ACT-000171,PRO-000038,REP-000004,2026-07-23T17:23:25,Call,Outbound,1,Human-Entered
ACT-000172,PRO-000039,REP-000001,2026-05-13T09:52:56,Lunch,Outbound,0,Human-Entered
ACT-000173,PRO-000039,REP-000004,2026-05-07T09:35:43,Call,Outbound,1,Human-Entered
ACT-000174,PRO-000039,REP-000004,2026-07-12T09:46:14,Call,Inbound,1,Human-Entered
ACT-000175,PRO-000039,REP-000004,2026-05-20T15:08:26,Email,Outbound,1,System-Observed
ACT-000176,PRO-000039,REP-000004,2026-06-03T08:51:35,Lunch,Outbound,1,Human-Entered
ACT-000177,PRO-000039,REP-000004,2026-07-20T09:03:06,Call,Outbound,0,Human-Entered
ACT-000178,PRO-000039,REP-000002,2026-05-03T07:48:57,Presentation,Outbound,1,Human-Entered
ACT-000179,PRO-000039,REP-000004,2026-06-28T12:52:49,Presentation,Outbound,0,Human-Entered
ACT-000180,PRO-000039,REP-000004,2026-07-16T16:28:41,Call,Outbound,0,Human-Entered
ACT-000181,PRO-000039,REP-000004,2026-05-17T08:55:34,Meeting,Outbound,1,Human-Entered
ACT-000182,PRO-000040,REP-000004,2026-07-14T19:09:02,Lunch,Outbound,1,Human-Entered
ACT-000183,PRO-000040,REP-000001,2026-05-19T11:13:11,Presentation,Outbound,0,Human-Entered
ACT-000184,PRO-000040,REP-000003,2026-05-05T16:07:15,Email,Inbound,1,System-Observed
ACT-000185,PRO-000002,REP-000001,2026-05-18T19:02:22,Meeting,Outbound,1,Human-Entered
ACT-000186,PRO-000002,REP-000001,2026-05-26T20:26:56,Tour,Inbound,1,Human-Entered
ACT-000187,PRO-000005,REP-000001,2026-05-25T14:30:59,Call,Outbound,1,Human-Entered
ACT-000188,PRO-000005,REP-000001,2026-05-13T19:30:52,Tour,Inbound,0,Human-Entered
ACT-000189,PRO-000005,REP-000001,2026-05-13T14:15:21,Meeting,Outbound,1,Human-Entered
ACT-000190,PRO-000005,REP-000001,2026-05-30T07:31:48,Tour,Outbound,1,Human-Entered
ACT-000191,PRO-000005,REP-000001,2026-05-20T11:20:44,Call,Inbound,1,Human-Entered
ACT-000192,PRO-000012,REP-000001,2026-05-14T19:47:39,Meeting,Outbound,1,Human-Entered
ACT-000193,PRO-000012,REP-000001,2026-05-12T16:35:55,Meeting,Inbound,0,Human-Entered
ACT-000194,PRO-000013,REP-000001,2026-05-15T11:18:22,Lunch,Outbound,0,Human-Entered
ACT-000195,PRO-000013,REP-000001,2026-05-17T10:26:52,Email,Inbound,0,System-Observed
ACT-000196,PRO-000018,REP-000001,2026-05-27T09:36:53,Tour,Outbound,1,Human-Entered
ACT-000197,PRO-000018,REP-000001,2026-05-04T08:37:34,Lunch,Outbound,0,Human-Entered
ACT-000198,PRO-000018,REP-000001,2026-05-30T14:45:10,Call,Outbound,0,Human-Entered
ACT-000199,PRO-000022,REP-000001,2026-05-30T08:02:13,Email,Outbound,0,System-Observed
ACT-000200,PRO-000023,REP-000001,2026-05-24T09:40:31,Meeting,Outbound,1,Human-Entered
ACT-000201,PRO-000024,REP-000001,2026-05-08T16:32:57,Meeting,Outbound,0,Human-Entered
ACT-000202,PRO-000024,REP-000001,2026-05-17T08:11:11,Email,Inbound,1,System-Observed
ACT-000203,PRO-000024,REP-000001,2026-05-19T16:35:21,Email,Outbound,1,System-Observed
ACT-000204,PRO-000032,REP-000001,2026-05-18T16:44:48,Email,Outbound,1,System-Observed
ACT-000205,PRO-000032,REP-000001,2026-05-27T08:12:51,Meeting,Inbound,0,Human-Entered
ACT-000206,PRO-000032,REP-000001,2026-05-10T12:50:59,Lunch,Outbound,0,Human-Entered
ACT-000207,PRO-000032,REP-000001,2026-05-10T18:26:03,Presentation,Outbound,1,Human-Entered
ACT-000208,PRO-000032,REP-000001,2026-05-19T19:49:48,Lunch,Outbound,1,Human-Entered
ACT-000209,PRO-000037,REP-000001,2026-05-17T16:41:38,Email,Outbound,1,System-Observed
ACT-000210,PRO-000002,REP-000001,2026-06-20T19:07:45,Meeting,Outbound,1,Human-Entered
ACT-000211,PRO-000008,REP-000001,2026-06-18T09:42:15,Call,Outbound,1,Human-Entered
ACT-000212,PRO-000012,REP-000001,2026-06-08T14:28:56,Call,Inbound,1,Human-Entered
ACT-000213,PRO-000012,REP-000001,2026-06-03T07:22:19,Presentation,Inbound,1,Human-Entered
ACT-000214,PRO-000012,REP-000001,2026-06-09T14:37:32,Presentation,Outbound,1,Human-Entered
ACT-000215,PRO-000012,REP-000001,2026-06-23T20:23:04,Email,Inbound,0,System-Observed
ACT-000216,PRO-000013,REP-000001,2026-06-12T18:42:32,Email,Outbound,1,System-Observed
ACT-000217,PRO-000013,REP-000001,2026-06-02T15:18:33,Lunch,Outbound,0,Human-Entered
ACT-000218,PRO-000018,REP-000001,2026-06-02T16:55:12,Call,Outbound,0,Human-Entered
ACT-000219,PRO-000018,REP-000001,2026-06-29T19:09:14,Lunch,Outbound,1,Human-Entered
ACT-000220,PRO-000018,REP-000001,2026-06-19T12:39:58,Lunch,Inbound,1,Human-Entered
ACT-000221,PRO-000018,REP-000001,2026-06-28T11:00:39,Call,Outbound,1,Human-Entered
ACT-000222,PRO-000022,REP-000001,2026-06-04T16:18:42,Call,Outbound,1,Human-Entered
ACT-000223,PRO-000022,REP-000001,2026-06-05T11:23:34,Call,Outbound,1,Human-Entered
ACT-000224,PRO-000022,REP-000001,2026-06-22T18:42:01,Email,Outbound,1,System-Observed
ACT-000225,PRO-000022,REP-000001,2026-06-15T19:12:29,Tour,Inbound,1,Human-Entered
ACT-000226,PRO-000022,REP-000001,2026-06-23T09:22:31,Email,Outbound,0,System-Observed
ACT-000227,PRO-000023,REP-000001,2026-06-18T19:13:01,Meeting,Outbound,1,Human-Entered
ACT-000228,PRO-000023,REP-000001,2026-06-13T07:35:32,Lunch,Inbound,1,Human-Entered
ACT-000229,PRO-000023,REP-000001,2026-06-08T20:25:49,Meeting,Outbound,0,Human-Entered
ACT-000230,PRO-000023,REP-000001,2026-06-25T18:42:17,Meeting,Inbound,1,Human-Entered
ACT-000231,PRO-000023,REP-000001,2026-06-12T10:53:30,Lunch,Inbound,0,Human-Entered
ACT-000232,PRO-000032,REP-000001,2026-06-08T18:09:27,Meeting,Outbound,1,Human-Entered
ACT-000233,PRO-000032,REP-000001,2026-06-23T10:38:14,Meeting,Inbound,1,Human-Entered
ACT-000234,PRO-000032,REP-000001,2026-06-15T07:53:34,Lunch,Outbound,0,Human-Entered
ACT-000235,PRO-000032,REP-000001,2026-06-11T14:36:13,Tour,Inbound,1,Human-Entered
ACT-000236,PRO-000032,REP-000001,2026-06-29T20:43:32,Call,Outbound,0,Human-Entered
ACT-000237,PRO-000032,REP-000001,2026-06-08T17:17:33,Presentation,Inbound,1,Human-Entered
ACT-000238,PRO-000032,REP-000001,2026-06-07T19:31:06,Call,Outbound,0,Human-Entered
ACT-000239,PRO-000032,REP-000001,2026-06-12T17:42:31,Lunch,Outbound,1,Human-Entered
ACT-000240,PRO-000037,REP-000001,2026-06-13T16:39:10,Email,Outbound,1,System-Observed
ACT-000241,PRO-000002,REP-000001,2026-07-05T14:24:04,Tour,Inbound,0,Human-Entered
ACT-000242,PRO-000002,REP-000001,2026-07-07T15:06:57,Lunch,Outbound,1,Human-Entered
ACT-000243,PRO-000005,REP-000001,2026-07-24T08:32:52,Tour,Outbound,1,Human-Entered
ACT-000244,PRO-000008,REP-000001,2026-07-06T08:56:06,Presentation,Outbound,1,Human-Entered
ACT-000245,PRO-000012,REP-000001,2026-07-03T19:20:20,Tour,Outbound,0,Human-Entered
ACT-000246,PRO-000012,REP-000001,2026-07-01T19:10:20,Meeting,Outbound,0,Human-Entered
ACT-000247,PRO-000013,REP-000001,2026-07-10T08:23:53,Presentation,Outbound,1,Human-Entered
ACT-000248,PRO-000013,REP-000001,2026-07-03T20:58:45,Presentation,Outbound,1,Human-Entered
ACT-000249,PRO-000013,REP-000001,2026-07-08T20:55:34,Tour,Outbound,0,Human-Entered
ACT-000250,PRO-000013,REP-000001,2026-07-07T13:39:28,Presentation,Outbound,1,Human-Entered
ACT-000251,PRO-000018,REP-000001,2026-07-02T12:57:47,Lunch,Inbound,0,Human-Entered
ACT-000252,PRO-000018,REP-000001,2026-07-04T17:03:54,Lunch,Outbound,1,Human-Entered
ACT-000253,PRO-000018,REP-000001,2026-07-31T18:41:37,Email,Outbound,0,System-Observed
ACT-000254,PRO-000023,REP-000001,2026-07-19T18:03:55,Lunch,Outbound,1,Human-Entered
ACT-000255,PRO-000023,REP-000001,2026-07-06T17:06:54,Tour,Outbound,1,Human-Entered
ACT-000256,PRO-000023,REP-000001,2026-07-09T07:55:28,Tour,Outbound,0,Human-Entered
ACT-000257,PRO-000023,REP-000001,2026-07-01T07:11:24,Lunch,Outbound,1,Human-Entered
ACT-000258,PRO-000024,REP-000001,2026-07-16T17:47:32,Lunch,Outbound,0,Human-Entered
ACT-000259,PRO-000037,REP-000001,2026-07-20T17:32:20,Lunch,Outbound,0,Human-Entered
ACT-000260,PRO-000037,REP-000001,2026-07-13T18:10:40,Lunch,Outbound,1,Human-Entered
ACT-000261,PRO-000037,REP-000001,2026-07-26T07:09:33,Presentation,Outbound,0,Human-Entered
ACT-000262,PRO-000037,REP-000001,2026-07-27T18:37:46,Meeting,Outbound,1,Human-Entered
